-- phpMyAdmin SQL Dump
-- version 5.2.1
-- https://www.phpmyadmin.net/
--
-- Servidor: 127.0.0.1
-- Tiempo de generación: 09-06-2024 a las 19:03:26
-- Versión del servidor: 10.4.32-MariaDB
-- Versión de PHP: 8.2.12

SET SQL_MODE = "NO_AUTO_VALUE_ON_ZERO";
START TRANSACTION;
SET time_zone = "+00:00";


/*!40101 SET @OLD_CHARACTER_SET_CLIENT=@@CHARACTER_SET_CLIENT */;
/*!40101 SET @OLD_CHARACTER_SET_RESULTS=@@CHARACTER_SET_RESULTS */;
/*!40101 SET @OLD_COLLATION_CONNECTION=@@COLLATION_CONNECTION */;
/*!40101 SET NAMES utf8mb4 */;

--
-- Base de datos: `diariojucicialnueva`
--

-- --------------------------------------------------------

--
-- Estructura de tabla para la tabla `config_vistas_usuario`
--

CREATE TABLE `config_vistas_usuario` (
  `id_config_vista` int(10) NOT NULL,
  `id_usuario` int(10) NOT NULL,
  `vistas_asignadas` int(10) NOT NULL,
  `personalizadas` int(10) NOT NULL
) ENGINE=InnoDB DEFAULT CHARSET=utf8mb4 COLLATE=utf8mb4_general_ci;

--
-- Volcado de datos para la tabla `config_vistas_usuario`
--

INSERT INTO `config_vistas_usuario` (`id_config_vista`, `id_usuario`, `vistas_asignadas`, `personalizadas`) VALUES
(1, 1, 3, 0),
(2, 2, 3, 0),
(3, 3, 3, 0),
(4, 4, 3, 0),
(5, 5, 3, 0),
(6, 6, 3, 0),
(7, 7, 3, 0),
(8, 8, 3, 0),
(9, 9, 3, 0),
(10, 10, 3, 0),
(11, 11, 3, 0),
(12, 12, 3, 0),
(13, 13, 3, 0),
(14, 14, 3, 0),
(15, 15, 3, 0),
(16, 16, 3, 0),
(17, 17, 3, 0),
(18, 18, 3, 0),
(19, 19, 3, 0),
(20, 20, 3, 0),
(21, 21, 3, 0),
(22, 22, 3, 0),
(23, 23, 3, 0),
(24, 24, 3, 0),
(25, 25, 3, 0),
(26, 26, 3, 0),
(27, 27, 3, 0),
(28, 28, 3, 0),
(29, 29, 3, 0),
(30, 30, 3, 0),
(31, 31, 5, 1),
(32, 32, 3, 0),
(33, 33, 3, 0),
(34, 34, 3, 0),
(35, 35, 5, 1),
(36, 36, 3, 0),
(37, 37, 3, 0),
(38, 38, 3, 0),
(39, 39, 3, 0),
(40, 40, 10, 1),
(41, 41, 3, 0),
(42, 42, 3, 0),
(43, 43, 3, 0),
(44, 44, 3, 0),
(45, 45, 3, 0),
(46, 46, 3, 0),
(47, 47, 3, 0),
(48, 48, 3, 0),
(49, 49, 3, 0),
(50, 50, 3, 0),
(51, 51, 3, 0),
(52, 52, 3, 0),
(53, 53, 3, 0),
(54, 54, 3, 0),
(55, 55, 3, 0),
(56, 56, 3, 0),
(57, 57, 3, 0),
(58, 58, 3, 0),
(59, 59, 3, 0),
(60, 60, 3, 0),
(61, 61, 3, 0),
(62, 62, 3, 0),
(63, 63, 3, 0),
(64, 64, 3, 0),
(65, 65, 3, 0),
(66, 66, 3, 0),
(67, 67, 3, 0),
(68, 68, 10, 1),
(69, 69, 3, 0),
(70, 70, 3, 0),
(71, 71, 3, 0),
(72, 72, 3, 0),
(73, 73, 3, 0),
(74, 74, 3, 0),
(75, 75, 3, 0),
(76, 76, 3, 0),
(77, 77, 3, 0),
(78, 78, 3, 0),
(79, 79, 3, 0),
(80, 80, 3, 0),
(81, 81, 3, 0),
(82, 82, 3, 0),
(83, 83, 3, 0),
(84, 84, 3, 0),
(85, 85, 3, 0),
(86, 86, 3, 0),
(87, 87, 3, 0),
(88, 88, 3, 0),
(89, 89, 3, 0),
(90, 90, 3, 0),
(92, 92, 3, 0),
(95, 95, 3, 0);

-- --------------------------------------------------------

--
-- Estructura de tabla para la tabla `documentos`
--

CREATE TABLE `documentos` (
  `id_documento` int(11) NOT NULL,
  `nombre` varchar(255) CHARACTER SET utf8 COLLATE utf8_spanish_ci NOT NULL,
  `fecha` date NOT NULL,
  `url` varchar(3000) CHARACTER SET utf8 COLLATE utf8_spanish_ci NOT NULL
) ENGINE=InnoDB DEFAULT CHARSET=utf8mb4 COLLATE=utf8mb4_unicode_ci;

--
-- Volcado de datos para la tabla `documentos`
--

INSERT INTO `documentos` (`id_documento`, `nombre`, `fecha`, `url`) VALUES
(1, '13-02-2023.pdf', '2023-02-16', '../63db127930f4a/63ee46eaa8149/13-02-2023.pdf'),
(2, '14-02-2023.pdf', '2023-02-16', '../63db127930f4a/63ee4706103b4/14-02-2023.pdf'),
(3, '15-02-2023.pdf', '2023-02-16', '../63db127930f4a/63ee471d6b6f1/15-02-2023.pdf'),
(4, '16-02-2023.pdf', '2023-02-16', '../63db127930f4a/63ee4747c9f66/16-02-2023.pdf'),
(5, '09-02-2023.pdf', '2023-02-16', '../63db127930f4a/63ee4783bd9c5/09-02-2023.pdf'),
(6, '10-02-2023.pdf', '2023-02-16', '../63db127930f4a/63ee4a1590bde/10-02-2023.pdf'),
(7, '17-02-2023.pdf', '2023-02-17', '../63db127930f4a/63efa03e623ee/17-02-2023.pdf'),
(8, '20-02-2023.pdf', '2023-02-20', '../63db127930f4a/63f3d897dd362/20-02-2023.pdf'),
(9, '21-02-2023.pdf', '2023-02-21', '../63db127930f4a/63f4e7e23b0f6/21-02-2023.pdf'),
(10, '22-02-2023.pdf', '2023-02-22', '../63db127930f4a/63f6414fb75b2/22-02-2023.pdf'),
(11, '22-02-2023.pdf', '2023-02-22', '../63db127930f4a/63f6415b7dc02/22-02-2023.pdf'),
(12, '23-02-2023.pdf', '2023-02-23', '../63db127930f4a/63f78a364626f/23-02-2023.pdf'),
(13, '24-02-2023.pdf', '2023-02-24', '../63db127930f4a/63f8d508c34a6/24-02-2023.pdf'),
(14, '27-02-2023.pdf', '2023-02-27', '../63db127930f4a/63fcc38c21b6f/27-02-2023.pdf'),
(15, '28-02-2023.pdf', '2023-02-28', '../63db127930f4a/63fe1d8a231c8/28-02-2023.pdf'),
(16, '01-03-2023.pdf', '2023-03-01', '../63db127930f4a/63ff6500e3080/01-03-2023.pdf'),
(17, '02-03-2023.pdf', '2023-03-02', '../63db127930f4a/6400baa870b7c/02-03-2023.pdf'),
(18, '03-03-2023.pdf', '2023-03-03', '../63db127930f4a/64023d7561729/03-03-2023.pdf'),
(19, '06-03-2023.pdf', '2023-03-06', '../63db127930f4a/64060aaa51a35/06-03-2023.pdf'),
(20, '07-03-2023.pdf', '2023-03-07', '../63db127930f4a/640755ac95dc2/07-03-2023.pdf'),
(21, '08-03-2023.pdf', '2023-03-08', '../63db127930f4a/6408a7d74b599/08-03-2023.pdf'),
(22, '09-03-2023.pdf', '2023-03-09', '../63db127930f4a/6409f5f57ba5f/09-03-2023.pdf'),
(23, '10-03-2023.pdf', '2023-03-10', '../63db127930f4a/640b47f0b72c1/10-03-2023.pdf'),
(24, '13-03-2023.pdf', '2023-03-13', '../63db127930f4a/640f3f37cc58f/13-03-2023.pdf'),
(25, '14-03-2023.pdf', '2023-03-14', '../63db127930f4a/6410885f701d3/14-03-2023.pdf'),
(26, '15-03-2023.pdf', '2023-03-15', '../63db127930f4a/6411d95dccee5/15-03-2023.pdf'),
(27, '16-03-2023.pdf', '2023-03-16', '../63db127930f4a/64133e1e83f99/16-03-2023.pdf'),
(28, '17-03-2023.pdf', '2023-03-17', '../63db127930f4a/6414de52f3498/17-03-2023.pdf'),
(29, '21-03-2023.pdf', '2023-03-21', '../63db127930f4a/6419d1cd9b5f8/21-03-2023.pdf'),
(30, '22-03-2023.pdf', '2023-03-22', '../63db127930f4a/641b167173d7b/22-03-2023.pdf'),
(31, '23-03-2023.pdf', '2023-03-23', '../63db127930f4a/641c689e7753c/23-03-2023.pdf'),
(32, '24-03-2023.pdf', '2023-03-24', '../63db127930f4a/641db8dfad42e/24-03-2023.pdf'),
(33, '27-03-2023.pdf', '2023-03-27', '../63db127930f4a/6421bda0ef79a/27-03-2023.pdf'),
(34, '28-03-2023.pdf', '2023-03-28', '../63db127930f4a/642301023872c/28-03-2023.pdf'),
(35, '29-03-2023.pdf', '2023-03-29', '../63db127930f4a/64244f70a285b/29-03-2023.pdf'),
(36, '30-03-2023.pdf', '2023-03-30', '../63db127930f4a/6425a536ce892/30-03-2023.pdf'),
(37, '31-03-2023.pdf', '2023-03-31', '../63db127930f4a/6426f83c537f7/31-03-2023.pdf'),
(38, '10-04-2023.pdf', '2023-04-10', '../63db127930f4a/6434242b17404/10-04-2023.pdf'),
(39, '11-04-2023.pdf', '2023-04-11', '../63db127930f4a/643576942d806/11-04-2023.pdf'),
(40, '12-04-2023.pdf', '2023-04-12', '../63db127930f4a/6436c16543735/12-04-2023.pdf'),
(41, '13-04-2023.pdf', '2023-04-13', '../63db127930f4a/64381a0515c4e/13-04-2023.pdf'),
(42, '14-04-2023.pdf', '2023-04-14', '../63db127930f4a/6439676f4ac75/14-04-2023.pdf'),
(43, '17-04-2023.pdf', '2023-04-17', '../63db127930f4a/643d645fc51db/17-04-2023.pdf'),
(44, '18-04-2023.pdf', '2023-04-18', '../63db127930f4a/643eacb62d4f5/18-04-2023.pdf'),
(45, '19-04-2023.pdf', '2023-04-19', '../63db127930f4a/643ffc8273ebe/19-04-2023.pdf'),
(46, '20-04-2023.pdf', '2023-04-20', '../63db127930f4a/64415125554a4/20-04-2023.pdf'),
(47, '21-04-2023.pdf', '2023-04-21', '../63db127930f4a/64429f174de11/21-04-2023.pdf'),
(48, '24-04-2023.pdf', '2023-04-24', '../63db127930f4a/64469c3cd31d1/24-04-2023.pdf'),
(49, '25-04-2023.pdf', '2023-04-25', '../63db127930f4a/6447ea18877f6/25-04-2023.pdf'),
(50, '26-04-2023.pdf', '2023-04-26', '../63db127930f4a/64493d99712e4/26-04-2023.pdf'),
(51, '27-04-2023.pdf', '2023-04-27', '../63db127930f4a/644a8afb4aa3e/27-04-2023.pdf'),
(52, '28-04-2023.pdf', '2023-04-28', '../63db127930f4a/644be4bdd8bda/28-04-2023.pdf'),
(53, '02-05-2023.pdf', '2023-05-02', '../63db127930f4a/64512b964b8ba/02-05-2023.pdf'),
(54, '03-05-2023.pdf', '2023-05-03', '../63db127930f4a/645272f7c7fc9/03-05-2023.pdf'),
(55, '04-05-2023.pdf', '2023-05-04', '../63db127930f4a/6453c53bbcf84/04-05-2023.pdf'),
(56, '05-05-2023.pdf', '2023-05-05', '../63db127930f4a/64551a8476a3c/05-05-2023.pdf'),
(57, '08-05-2023.pdf', '2023-05-08', '../63db127930f4a/64590e2d5700a/08-05-2023.pdf'),
(58, '09-05-2023.pdf', '2023-05-09', '../63db127930f4a/645a671013db0/09-05-2023.pdf'),
(59, '10-05-2023.pdf', '2023-05-10', '../63db127930f4a/645bc0a45434a/10-05-2023.pdf'),
(60, '11-05-2023.pdf', '2023-05-11', '../63db127930f4a/645d0110785a4/11-05-2023.pdf'),
(61, '12-05-2023.pdf', '2023-05-12', '../63db127930f4a/645e579e1cb05/12-05-2023.pdf'),
(62, '15-05-2023.pdf', '2023-05-15', '../63db127930f4a/64624c51abcb7/15-05-2023.pdf'),
(63, '16-05-2023.pdf', '2023-05-16', '../63db127930f4a/64639cec722a3/16-05-2023.pdf'),
(64, '17-05-2023.pdf', '2023-05-17', '../63db127930f4a/6464e90c343e8/17-05-2023.pdf'),
(65, '18-05-2023.pdf', '2023-05-18', '../63db127930f4a/646643ef16404/18-05-2023.pdf'),
(66, '19-05-2023.pdf', '2023-05-19', '../63db127930f4a/646797e81ee17/19-05-2023.pdf'),
(67, '23-05-2023.pdf', '2023-05-23', '../63db127930f4a/646cd7ce505a5/23-05-2023.pdf'),
(68, '24-05-2023.pdf', '2023-05-24', '../63db127930f4a/646e22680707a/24-05-2023.pdf'),
(69, '25-05-2023.pdf', '2023-05-25', '../63db127930f4a/646f71bf35dd6/25-05-2023.pdf'),
(70, '26-05-2023.pdf', '2023-05-26', '../63db127930f4a/6470c828f07d5/26-05-2023.pdf'),
(71, '29-05-2023.pdf', '2023-05-29', '../63db127930f4a/6474c61485b45/29-05-2023.pdf'),
(72, '30-05-2023.pdf', '2023-05-30', '../63db127930f4a/64761d6945f60/30-05-2023.pdf'),
(73, '31-05-2023.pdf', '2023-05-31', '../63db127930f4a/647766f0ef41c/31-05-2023.pdf'),
(74, '01-06-2023.pdf', '2023-06-01', '../63db127930f4a/6478afea62cbb/01-06-2023.pdf'),
(75, '02-06-2023.pdf', '2023-06-02', '../63db127930f4a/647a0249334a9/02-06-2023.pdf'),
(76, '05-06-2023.pdf', '2023-06-05', '../63db127930f4a/647e0bc18bc1a/05-06-2023.pdf'),
(77, '06-06-2023.pdf', '2023-06-06', '../63db127930f4a/647f4b69db5bb/06-06-2023.pdf'),
(78, '07-06-2023.pdf', '2023-06-07', '../63db127930f4a/64809f315cfa0/07-06-2023.pdf'),
(79, '08-06-2023.pdf', '2023-06-08', '../63db127930f4a/6481ed813f8b7/08-06-2023.pdf'),
(80, '09-06-2023.pdf', '2023-06-09', '../63db127930f4a/6483452432d9f/09-06-2023.pdf'),
(81, '13-06-2023.pdf', '2023-06-13', '../63db127930f4a/648889eb7f9cc/13-06-2023.pdf'),
(82, '14-06-2023.pdf', '2023-06-14', '../63db127930f4a/6489db0c30a22/14-06-2023.pdf'),
(83, '15-06-2023.pdf', '2023-06-15', '../63db127930f4a/648b289c6d6eb/15-06-2023.pdf'),
(84, '16-06-2023.pdf', '2023-06-16', '../63db127930f4a/648c7d839ae0a/16-06-2023.pdf'),
(85, '20-06-2023.pdf', '2023-06-20', '../63db127930f4a/6491d22f92821/20-06-2023.pdf'),
(86, '21-06-2023.pdf', '2023-06-21', '../63db127930f4a/649317843fea6/21-06-2023.pdf'),
(87, '22-06-2023.pdf', '2023-06-22', '../63db127930f4a/649464bd7cf95/22-06-2023.pdf'),
(88, '23-06-2023.pdf', '2023-06-23', '../63db127930f4a/6495bece31e5d/23-06-2023.pdf'),
(89, '26-06-2023.pdf', '2023-06-26', '../63db127930f4a/6499b335a39da/26-06-2023.pdf'),
(90, '27-06-2023.pdf', '2023-06-27', '../63db127930f4a/649b008416091/27-06-2023.pdf'),
(91, '28-06-2023.pdf', '2023-06-28', '../63db127930f4a/649c496ee5197/28-06-2023.pdf'),
(92, '29-06-2023.pdf', '2023-06-29', '../63db127930f4a/649da5deccef7/29-06-2023.pdf'),
(93, '30-06-2023.pdf', '2023-06-30', '../63db127930f4a/649eef8abffa2/30-06-2023.pdf'),
(94, '04-07-2023.pdf', '2023-07-04', '../63db127930f4a/64a43aee6684a/04-07-2023.pdf'),
(95, '05-07-2023.pdf', '2023-07-05', '../63db127930f4a/64a58a5f49ef9/05-07-2023.pdf'),
(96, '06-07-2023.pdf', '2023-07-06', '../63db127930f4a/64a6dbe8edaa4/06-07-2023.pdf'),
(97, '07-07-2023.pdf', '2023-07-07', '../63db127930f4a/64a82e598bc2d/07-07-2023.pdf'),
(98, '10-07-2023.pdf', '2023-07-10', '../63db127930f4a/64ac2b3d39c28/10-07-2023.pdf'),
(99, '11-07-2023.pdf', '2023-07-11', '../63db127930f4a/64ad77412ae22/11-07-2023.pdf'),
(100, '12-07-2023.pdf', '2023-07-12', '../63db127930f4a/64aec3d29e871/12-07-2023.pdf'),
(101, '13-07-2023.pdf', '2023-07-13', '../63db127930f4a/64b0127fa9f56/13-07-2023.pdf'),
(102, '14-07-2023.pdf', '2023-07-14', '../63db127930f4a/64b16ad4939ef/14-07-2023.pdf'),
(103, '17-07-2023.pdf', '2023-07-17', '../63db127930f4a/64b55bbaf1460/17-07-2023.pdf'),
(104, '18-07-2023.pdf', '2023-07-18', '../63db127930f4a/64b6b28a73b32/18-07-2023.pdf'),
(105, '19-07-2023.pdf', '2023-07-19', '../63db127930f4a/64b8003979e12/19-07-2023.pdf'),
(106, '21-07-2023.pdf', '2023-07-21', '../63db127930f4a/64bab0c6ce793/21-07-2023.pdf'),
(107, '24-07-2023.pdf', '2023-07-24', '../63db127930f4a/64be9f73e8c6f/24-07-2023.pdf'),
(108, '25-07-2023.pdf', '2023-07-25', '../63db127930f4a/64bfe8c2d93fe/25-07-2023.pdf'),
(109, '26-07-2023.pdf', '2023-07-26', '../63db127930f4a/64c1400deef93/26-07-2023.pdf'),
(110, '27-07-2023.pdf', '2023-07-27', '../63db127930f4a/64c289e423a37/27-07-2023.pdf'),
(111, '28-07-2023.pdf', '2023-07-28', '../63db127930f4a/64c3d6e2b4aed/28-07-2023.pdf'),
(112, '31-07-2023.pdf', '2023-07-31', '../63db127930f4a/64c7d4af56224/31-07-2023.pdf'),
(113, '01-08-2023.pdf', '2023-08-01', '../63db127930f4a/64c921c0b3d3c/01-08-2023.pdf'),
(114, '02-08-2023.pdf', '2023-08-02', '../63db127930f4a/64ca786070811/02-08-2023.pdf'),
(115, '03-08-2023.pdf', '2023-08-03', '../63db127930f4a/64cbc0afbef9c/03-08-2023.pdf'),
(116, '04-08-2023.pdf', '2023-08-04', '../63db127930f4a/64cd0d21e3a9a/04-08-2023.pdf'),
(117, '08-08-2023.pdf', '2023-08-08', '../63db127930f4a/64d25dd32cf32/08-08-2023.pdf'),
(118, '09-08-2023.pdf', '2023-08-09', '../63db127930f4a/64d3b4267918a/09-08-2023.pdf'),
(119, '10-08-2023.pdf', '2023-08-10', '../63db127930f4a/64d500ff6fa50/10-08-2023.pdf'),
(120, '11-08-2023.pdf', '2023-08-11', '../63db127930f4a/64d654b0dff24/11-08-2023.pdf'),
(121, '14-08-2023.pdf', '2023-08-14', '../63db127930f4a/64da4d06a5db9/14-08-2023.pdf'),
(122, '15-08-2023.pdf', '2023-08-15', '../63db127930f4a/64db9de8d4de7/15-08-2023.pdf'),
(123, '16-08-2023.pdf', '2023-08-16', '../63db127930f4a/64dce775961f0/16-08-2023.pdf'),
(124, '17-08-2023.pdf', '2023-08-17', '../63db127930f4a/64de3e61c413f/17-08-2023.pdf'),
(125, '18-08-2023.pdf', '2023-08-18', '../63db127930f4a/64df9153cc3fc/18-08-2023.pdf'),
(126, '22-08-2023.pdf', '2023-08-22', '../63db127930f4a/64e4d369c0858/22-08-2023.pdf'),
(127, '23-08-2023.pdf', '2023-08-23', '../63db127930f4a/64e62768a55ab/23-08-2023.pdf'),
(128, '24-08-2023.pdf', '2023-08-24', '../63db127930f4a/64e77744d7a1f/24-08-2023.pdf'),
(129, '25-08-2023.pdf', '2023-08-25', '../63db127930f4a/64e8c9767a6ca/25-08-2023.pdf'),
(130, '28-08-2023.pdf', '2023-08-28', '../63db127930f4a/64ecbfd717ee6/28-08-2023.pdf'),
(131, '29-08-2023.pdf', '2023-08-29', '../63db127930f4a/64ee16d86700b/29-08-2023.pdf'),
(132, '30-08-2023.pdf', '2023-08-30', '../63db127930f4a/64ef64fd617d9/30-08-2023.pdf'),
(133, '31-08-2023.pdf', '2023-08-31', '../63db127930f4a/64f0b2cececc8/31-08-2023.pdf'),
(134, '01-09-2023.pdf', '2023-09-01', '../63db127930f4a/64f203b691fe5/01-09-2023.pdf'),
(135, '04-09-2023.pdf', '2023-09-04', '../63db127930f4a/64f5f84d646f3/04-09-2023.pdf'),
(136, '05-09-2023.pdf', '2023-09-05', '../63db127930f4a/64f75593166d6/05-09-2023.pdf'),
(137, '06-09-2023.pdf', '2023-09-06', '../63db127930f4a/64f89ab5c6a83/06-09-2023.pdf'),
(138, '07-09-2023.pdf', '2023-09-07', '../63db127930f4a/64f9edda9cc5f/07-09-2023.pdf'),
(139, '08-09-2023.pdf', '2023-09-08', '../63db127930f4a/64fb3bbabb504/08-09-2023.pdf'),
(140, '11-09-2023.pdf', '2023-09-11', '../63db127930f4a/64ff3372b4c02/11-09-2023.pdf'),
(141, '12-09-2023.pdf', '2023-09-12', '../63db127930f4a/65009520334ae/12-09-2023.pdf'),
(142, '13-09-2023.pdf', '2023-09-13', '../63db127930f4a/6501e400e2a87/13-09-2023.pdf'),
(143, '14-09-2023.pdf', '2023-09-14', '../63db127930f4a/65030a77f1eb4/14-09-2023.pdf'),
(144, '15-09-2023.pdf', '2023-09-15', '../63db127930f4a/650460727af30/15-09-2023.pdf'),
(145, '18-09-2023.pdf', '2023-09-18', '../63db127930f4a/6508557388f50/18-09-2023.pdf'),
(146, '19-09-2023.pdf', '2023-09-19', '../63db127930f4a/6509bc307ecb3/19-09-2023.pdf'),
(147, '20-09-2023.pdf', '2023-09-20', '../63db127930f4a/650af3828ce4f/20-09-2023.pdf'),
(148, '21-09-2023.pdf', '2023-09-21', '../63db127930f4a/650c5a928f3a4/21-09-2023.pdf'),
(149, '22-09-2023.pdf', '2023-09-22', '../63db127930f4a/650db30476975/22-09-2023.pdf'),
(150, '25-09-2023.pdf', '2023-09-25', '../63db127930f4a/6511aad8ce6d0/25-09-2023.pdf'),
(151, '26-09-2023.pdf', '2023-09-26', '../63db127930f4a/6513073e2a2fd/26-09-2023.pdf'),
(152, '27-09-2023.pdf', '2023-09-27', '../63db127930f4a/651454b3ce987/27-09-2023.pdf'),
(153, '28-09-2023.pdf', '2023-09-28', '../63db127930f4a/6515a2cec9923/28-09-2023.pdf'),
(154, '29-09-2023.pdf', '2023-09-29', '../63db127930f4a/6516e68817bcd/29-09-2023.pdf'),
(155, '02-10-2023.pdf', '2023-10-02', '../63db127930f4a/651aec539b562/02-10-2023.pdf'),
(156, '03-10-2023.pdf', '2023-10-03', '../63db127930f4a/651c32a1e92ae/03-10-2023.pdf'),
(157, '04-10-2023.pdf', '2023-10-04', '../63db127930f4a/651d7f3f072da/04-10-2023.pdf'),
(158, '05-10-2023.pdf', '2023-10-05', '../63db127930f4a/651ed67b08ce0/05-10-2023.pdf'),
(159, '06-10-2023.pdf', '2023-10-06', '../63db127930f4a/65202cd699e97/06-10-2023.pdf'),
(160, '09-10-2023.pdf', '2023-10-09', '../63db127930f4a/652427d460bc4/09-10-2023.pdf'),
(161, '10-10-2023.pdf', '2023-10-10', '../63db127930f4a/65256bec5999b/10-10-2023.pdf'),
(162, '11-10-2023.pdf', '2023-10-11', '../63db127930f4a/6526c937cf471/11-10-2023.pdf'),
(163, '12-10-2023.pdf', '2023-10-12', '../63db127930f4a/652813925036a/12-10-2023.pdf'),
(164, '13-10-2023.pdf', '2023-10-13', '../63db127930f4a/65296417ba2a0/13-10-2023.pdf'),
(165, '17-10-2023.pdf', '2023-10-17', '../63db127930f4a/652eb2d1d8d13/17-10-2023.pdf'),
(166, '18-10-2023.pdf', '2023-10-18', '../63db127930f4a/652ffa4c0411b/18-10-2023.pdf'),
(167, '19-10-2023.pdf', '2023-10-19', '../63db127930f4a/653145b23c257/19-10-2023.pdf'),
(168, '20-10-2023.pdf', '2023-10-20', '../63db127930f4a/653293e4306f9/20-10-2023.pdf'),
(169, '23-10-2023.pdf', '2023-10-23', '../63db127930f4a/6536879d26876/23-10-2023.pdf'),
(170, '24-10-2023.pdf', '2023-10-24', '../63db127930f4a/6537ecabb5283/24-10-2023.pdf'),
(171, '25-10-2023.pdf', '2023-10-25', '../63db127930f4a/6539291c252cb/25-10-2023.pdf'),
(172, '26-10-2023.pdf', '2023-10-26', '../63db127930f4a/653a81c32cb7f/26-10-2023.pdf'),
(173, '27-10-2023.pdf', '2023-10-27', '../63db127930f4a/653bd35da8a76/27-10-2023.pdf'),
(174, '30-10-2023.pdf', '2023-10-30', '../63db127930f4a/653fd48f39bb4/30-10-2023.pdf'),
(175, '31-10-2023.pdf', '2023-10-31', '../63db127930f4a/65411e8860d13/31-10-2023.pdf'),
(176, '01-11-2023.docx.pdf', '2023-11-01', '../63db127930f4a/65426fd76687f/01-11-2023.docx.pdf'),
(177, '02-11-2023.docx.pdf', '2023-11-02', '../63db127930f4a/6543af1c3ae79/02-11-2023.docx.pdf'),
(178, '03-11-2023.docx.pdf', '2023-11-03', '../63db127930f4a/654508f7881a0/03-11-2023.docx.pdf'),
(179, '08-11-2023.docx.pdf', '2023-11-08', '../63db127930f4a/654ba752312b7/08-11-2023.docx.pdf'),
(180, '07-11-2023.docx.pdf', '2023-11-07', '../63db127930f4a/654ba9008231e/07-11-2023.docx.pdf'),
(181, '09-11-2023.docx.pdf', '2023-11-09', '../63db127930f4a/654cfab225b49/09-11-2023.docx.pdf'),
(182, '10-11-2023.docx.pdf', '2023-11-10', '../63db127930f4a/654e4903ebf70/10-11-2023.docx.pdf'),
(183, '14-11-2023.docx.pdf', '2023-11-14', '../63db127930f4a/655394e805c41/14-11-2023.docx.pdf'),
(184, '15-11-2023.docx.pdf', '2023-11-15', '../63db127930f4a/6554e631ab94d/15-11-2023.docx.pdf'),
(185, '16-11-2023.docx.pdf', '2023-11-16', '../63db127930f4a/65563a51c251b/16-11-2023.docx.pdf'),
(186, '17-11-2023.docx.pdf', '2023-11-17', '../63db127930f4a/65578787a9449/17-11-2023.docx.pdf'),
(187, '20-11-2023.docx.pdf', '2023-11-20', '../63db127930f4a/655b779fbd79e/20-11-2023.docx.pdf'),
(188, '21-11-2023.docx.pdf', '2023-11-21', '../63db127930f4a/655cda01ea6b0/21-11-2023.docx.pdf'),
(189, '22-11-2023.docx.pdf', '2023-11-22', '../63db127930f4a/655e269bc639d/22-11-2023.docx.pdf'),
(190, '23-11-2023.docx.pdf', '2023-11-23', '../63db127930f4a/655f6ee7080e8/23-11-2023.docx.pdf'),
(191, '24-11-2023.docx.pdf', '2023-11-24', '../63db127930f4a/6560c44c6de23/24-11-2023.docx.pdf'),
(192, '27-11-2023.docx.pdf', '2023-11-27', '../63db127930f4a/6564bacfaa95c/27-11-2023.docx.pdf'),
(193, '28-11-2023.docx.pdf', '2023-11-28', '../63db127930f4a/656606863625c/28-11-2023.docx.pdf'),
(194, '29-11-2023.docx.pdf', '2023-11-29', '../63db127930f4a/656755d17cc17/29-11-2023.docx.pdf'),
(195, '30-11-2023.docx.pdf', '2023-11-30', '../63db127930f4a/6568bdfe76b20/30-11-2023.docx.pdf'),
(196, '01-12-2013.pdf', '2023-12-01', '../63db127930f4a/656a054080cf2/01-12-2013.pdf'),
(197, '04-12-2013.pdf', '2023-12-04', '../63db127930f4a/656ded0a91f35/04-12-2013.pdf'),
(198, '05-12-2013.pdf', '2023-12-05', '../63db127930f4a/656f43a623c94/05-12-2013.pdf'),
(199, '06-12-2013.pdf', '2023-12-06', '../63db127930f4a/6570993061c2c/06-12-2013.pdf'),
(200, '07-12-2013.pdf', '2023-12-07', '../63db127930f4a/6571e7e183f0c/07-12-2013.pdf'),
(201, '11-12-2013.pdf', '2023-12-11', '../63db127930f4a/657734a2e091d/11-12-2013.pdf'),
(202, '12-12-2013.pdf', '2023-12-12', '../63db127930f4a/65787cfe54661/12-12-2013.pdf'),
(203, '13-12-2013.pdf', '2023-12-13', '../63db127930f4a/6579cb4931d79/13-12-2013.pdf'),
(204, '14-12-2013.pdf', '2023-12-14', '../63db127930f4a/657b28b57a0ad/14-12-2013.pdf'),
(205, '15-12-2013.pdf', '2023-12-15', '../63db127930f4a/657c6c1c6f857/15-12-2013.pdf'),
(206, '18-12-2013.pdf', '2023-12-18', '../63db127930f4a/65806be404a0e/18-12-2013.pdf'),
(207, '19-12-2013.pdf', '2023-12-19', '../63db127930f4a/6581c460aecaf/19-12-2013.pdf'),
(208, '11-01-2024.pdf', '2024-01-11', '../63db127930f4a/65a003cbd9f6c/11-01-2024.pdf'),
(209, '12-01-2024.pdf', '2024-01-12', '../63db127930f4a/65a1631aa455f/12-01-2024.pdf'),
(210, '15-01-2024.pdf', '2024-01-15', '../63db127930f4a/65a550fe2cbc8/15-01-2024.pdf'),
(211, '16-01-2024.pdf', '2024-01-16', '../63db127930f4a/65a6a14be940e/16-01-2024.pdf'),
(212, '17-01-2024.pdf', '2024-01-17', '../63db127930f4a/65a7e31ec49cb/17-01-2024.pdf'),
(213, '18-01-2024.pdf', '2024-01-18', '../63db127930f4a/65a93c918f2d9/18-01-2024.pdf'),
(214, '19-01-2024.pdf', '2024-01-19', '../63db127930f4a/65aa97d8613f3/19-01-2024.pdf'),
(215, '22-01-2024.pdf', '2024-01-22', '../63db127930f4a/65ae912c11812/22-01-2024.pdf'),
(216, '23-01-2024.pdf', '2024-01-23', '../63db127930f4a/65afdeb9b049d/23-01-2024.pdf'),
(217, '24-01-2024.pdf', '2024-01-24', '../63db127930f4a/65b125dfad6aa/24-01-2024.pdf'),
(218, 'NOTIFICACIONES JUDICIALES DE SINCELEJO 260124.pdf', '2024-01-26', '../63db127930f4a/65b6e7e8d8683/NOTIFICACIONES JUDICIALES DE SINCELEJO 260124.pdf'),
(219, 'NOTIFICACIONES JUDICIALES DE SINCELEJO 250124.pdf', '2024-01-25', '../63db127930f4a/65b6e88009550/NOTIFICACIONES JUDICIALES DE SINCELEJO 250124.pdf'),
(220, '29-01-2024.pdf', '2024-01-29', '../63db127930f4a/65b7cb0a7c1fd/29-01-2024.pdf'),
(221, 'NOTIFICACIONES JUDICIALES DE SINCELEJO 30-01-2024.pdf', '2024-01-30', '../63db127930f4a/65b90df51896e/NOTIFICACIONES JUDICIALES DE SINCELEJO 30-01-2024.pdf'),
(222, 'NOTIFICACIONES JUDICIALES DE SINCELEJO 31-01-2024.pdf', '2024-01-31', '../63db127930f4a/65ba64172a287/NOTIFICACIONES JUDICIALES DE SINCELEJO 31-01-2024.pdf'),
(223, 'NOTIFICACIONES JUDICIALES SINCELEJO 01-02-2024.pdf', '2024-02-01', '../63db127930f4a/65bbbacaedf5d/NOTIFICACIONES JUDICIALES SINCELEJO 01-02-2024.pdf'),
(224, 'NOTIFICACIONES JUDICIALES SINCELEJO 02-02-2024.pdf', '2024-02-02', '../63db127930f4a/65bd0de5ee491/NOTIFICACIONES JUDICIALES SINCELEJO 02-02-2024.pdf'),
(225, 'NOTIFICACIONES JUDICIALES SINCELEJO 05-02-2024.pdf', '2024-02-05', '../63db127930f4a/65c0ff2a8715a/NOTIFICACIONES JUDICIALES SINCELEJO 05-02-2024.pdf'),
(226, 'NOTIFICACIONES JUDICIALES SINCELEJO 06-02-2024.pdf', '2024-02-06', '../63db127930f4a/65c24dce262b6/NOTIFICACIONES JUDICIALES SINCELEJO 06-02-2024.pdf'),
(227, 'NOTIFICACIONES JUDICIALES SINCELEJO 07-02-2024.pdf', '2024-02-07', '../63db127930f4a/65c39c9b14a41/NOTIFICACIONES JUDICIALES SINCELEJO 07-02-2024.pdf'),
(228, 'NOTIFICACIONES JUDICIALES SINCELEJO 08-02-2024.pdf', '2024-02-08', '../63db127930f4a/65c4f2ded0fe1/NOTIFICACIONES JUDICIALES SINCELEJO 08-02-2024.pdf'),
(229, 'NOTIFICACIONES JUDICIALES SINCELEJO 09-02-2024.pdf', '2024-02-09', '../63db127930f4a/65c63e69966cc/NOTIFICACIONES JUDICIALES SINCELEJO 09-02-2024.pdf'),
(230, 'NOTIFICACIONES JUDICIALES SINCELEJO 12-02-2024.pdf', '2024-02-12', '../63db127930f4a/65ca3983906e1/NOTIFICACIONES JUDICIALES SINCELEJO 12-02-2024.pdf'),
(231, 'NOTIFICACIONES JUDICIALES SINCELEJO 13-02-2024.pdf', '2024-02-13', '../63db127930f4a/65cb870ce4e09/NOTIFICACIONES JUDICIALES SINCELEJO 13-02-2024.pdf'),
(232, 'NOTIFICACIONES JUDICIALES SINCELEJO 14-02-2024.pdf', '2024-02-14', '../63db127930f4a/65ccdabbc4502/NOTIFICACIONES JUDICIALES SINCELEJO 14-02-2024.pdf'),
(233, 'NOTIFICACIONES JUDICIALES SINCELEJO 15-02-2024.pdf', '2024-02-15', '../63db127930f4a/65ce26bf7ad2f/NOTIFICACIONES JUDICIALES SINCELEJO 15-02-2024.pdf'),
(234, 'NOTIFICACIONES JUDICIALES SINCELEJO 16-02-2024.pdf', '2024-02-16', '../63db127930f4a/65cf7c84e7dbb/NOTIFICACIONES JUDICIALES SINCELEJO 16-02-2024.pdf'),
(235, 'NOTIFICACIONES JUDICIALES SINCELEJO 19-02-2024.pdf', '2024-02-19', '../63db127930f4a/65d37ce584c09/NOTIFICACIONES JUDICIALES SINCELEJO 19-02-2024.pdf'),
(236, 'NOTIFICACIONES JUDICIALES SINCELEJO 20-02-2024.pdf', '2024-02-20', '../63db127930f4a/65d4c7944e503/NOTIFICACIONES JUDICIALES SINCELEJO 20-02-2024.pdf'),
(237, 'NOTIFICACIONES JUDICIALES SINCELEJO 21-02-2024.pdf', '2024-02-21', '../63db127930f4a/65d6104251e19/NOTIFICACIONES JUDICIALES SINCELEJO 21-02-2024.pdf'),
(238, 'NOTIFICACIONES JUDICIALES SINCELEJO 22-02-2024.pdf', '2024-02-22', '../63db127930f4a/65d76a4cb1cbc/NOTIFICACIONES JUDICIALES SINCELEJO 22-02-2024.pdf'),
(239, 'NOTIFICACIONES JUDICIALES SINCELEJO 23-02-2024.pdf', '2024-02-23', '../63db127930f4a/65d8b26cb8fea/NOTIFICACIONES JUDICIALES SINCELEJO 23-02-2024.pdf'),
(240, 'NOTIFICACIONES JUDICIALES SINCELEJO 26-02-2024.pdf', '2024-02-26', '../63db127930f4a/65dcae598be13/NOTIFICACIONES JUDICIALES SINCELEJO 26-02-2024.pdf'),
(241, 'NOTIFICACIONES JUDICIALES SINCELEJO 27-02-2024.pdf', '2024-02-27', '../63db127930f4a/65ddfe7dc3abf/NOTIFICACIONES JUDICIALES SINCELEJO 27-02-2024.pdf'),
(242, 'NOTIFICACIONES JUDICIALES SINCELEJO 28-02-2024.pdf', '2024-02-28', '../63db127930f4a/65df506441b4f/NOTIFICACIONES JUDICIALES SINCELEJO 28-02-2024.pdf'),
(243, 'NOTIFICACIONES JUDICIALES SINCELEJO 29-02-2024.pdf', '2024-02-29', '../63db127930f4a/65e097c0a2a9a/NOTIFICACIONES JUDICIALES SINCELEJO 29-02-2024.pdf'),
(244, 'NOTIFICACIONES JUDICIALES DE SINCELEJO 01-03-2024.pdf', '2024-03-01', '../63db127930f4a/65e1eabd90c77/NOTIFICACIONES JUDICIALES DE SINCELEJO 01-03-2024.pdf'),
(245, 'NOTIFICACIONES JUDICIALES DE SINCELEJO 04-03-2024.pdf', '2024-03-04', '../63db127930f4a/65e5e7e876310/NOTIFICACIONES JUDICIALES DE SINCELEJO 04-03-2024.pdf'),
(246, 'NOTIFICACIONES JUDICIALES DE SINCELEJO 05-03-2024.pdf', '2024-03-05', '../63db127930f4a/65e72eddcc9d5/NOTIFICACIONES JUDICIALES DE SINCELEJO 05-03-2024.pdf'),
(247, 'NOTIFICACIONES JUDICIALES DE SINCELEJO 06-03-2024.pdf', '2024-03-06', '../63db127930f4a/65e88781c406e/NOTIFICACIONES JUDICIALES DE SINCELEJO 06-03-2024.pdf'),
(248, 'NOTIFICACIONES JUDICIALES DE SINCELEJO 07-03-2024.pdf', '2024-03-07', '../63db127930f4a/65e9ddef6b7e6/NOTIFICACIONES JUDICIALES DE SINCELEJO 07-03-2024.pdf'),
(249, 'NOTIFICACIONES JUDICIALES DE SINCELEJO 08-03-2024.pdf', '2024-03-08', '../63db127930f4a/65eb2cd0c4587/NOTIFICACIONES JUDICIALES DE SINCELEJO 08-03-2024.pdf'),
(250, 'NOTIFICACIONES JUDICIALES DE SINCELEJO 11-03-2024.pdf', '2024-03-11', '../63db127930f4a/65ef2302c9cdc/NOTIFICACIONES JUDICIALES DE SINCELEJO 11-03-2024.pdf'),
(251, 'NOTIFICACIONES JUDICIALES DE SINCELEJO 12-03-2024.pdf', '2024-03-12', '../63db127930f4a/65f0762d7a258/NOTIFICACIONES JUDICIALES DE SINCELEJO 12-03-2024.pdf'),
(252, 'NOTIFICACIONES JUDICIALES DE SINCELEJO 13-03-2024.pdf', '2024-03-13', '../63db127930f4a/65f1be80bd692/NOTIFICACIONES JUDICIALES DE SINCELEJO 13-03-2024.pdf'),
(253, 'NOTIFICACIONES JUDICIALES DE SINCELEJO 14-03-2024.pdf', '2024-03-14', '../63db127930f4a/65f30fbdae4c6/NOTIFICACIONES JUDICIALES DE SINCELEJO 14-03-2024.pdf'),
(254, 'NOTIFICACIONES JUDICIALES DE SINCELEJO 15-03-2024.pdf', '2024-03-15', '../63db127930f4a/65f467ae032d4/NOTIFICACIONES JUDICIALES DE SINCELEJO 15-03-2024.pdf'),
(257, 'Estados judiciales Lunes 18 de Marzo de 2024 pdf', '2024-03-18', '../63db127930f4a/65f8635f8a525/NOTIFICACIONES JUDICIALES DE SINCELEJO 18-03-2024.pdf');

-- --------------------------------------------------------

--
-- Estructura de tabla para la tabla `estado`
--

CREATE TABLE `estado` (
  `id_estado` int(50) NOT NULL,
  `estado` varchar(50) CHARACTER SET utf8 COLLATE utf8_spanish_ci NOT NULL
) ENGINE=InnoDB DEFAULT CHARSET=utf8mb4 COLLATE=utf8mb4_unicode_ci;

--
-- Volcado de datos para la tabla `estado`
--

INSERT INTO `estado` (`id_estado`, `estado`) VALUES
(0, 'Inactivo'),
(1, 'Activo');

-- --------------------------------------------------------

--
-- Estructura de tabla para la tabla `fechas`
--

CREATE TABLE `fechas` (
  `id_fechas` int(11) NOT NULL,
  `id_usuario` int(10) NOT NULL,
  `f_registro` date NOT NULL,
  `desde` date DEFAULT NULL,
  `f_cobro` date NOT NULL,
  `f_suspencion` date DEFAULT NULL,
  `f_reactivacion` date DEFAULT NULL
) ENGINE=InnoDB DEFAULT CHARSET=utf8mb4 COLLATE=utf8mb4_general_ci;

--
-- Volcado de datos para la tabla `fechas`
--

INSERT INTO `fechas` (`id_fechas`, `id_usuario`, `f_registro`, `desde`, `f_cobro`, `f_suspencion`, `f_reactivacion`) VALUES
(1, 1, '0000-00-00', '0000-00-00', '2024-03-30', NULL, NULL),
(2, 2, '0000-00-00', '0000-00-00', '2024-03-30', NULL, NULL),
(3, 3, '2023-02-17', '2023-02-17', '2024-03-17', NULL, NULL),
(4, 4, '2023-02-17', '2023-02-17', '2024-03-17', NULL, NULL),
(5, 5, '2023-02-17', '2023-02-17', '2024-03-17', NULL, NULL),
(6, 6, '2023-02-17', '2023-02-17', '2024-03-17', NULL, NULL),
(7, 7, '2023-02-20', '2023-02-20', '2024-03-20', NULL, NULL),
(8, 8, '2023-02-20', '2023-02-20', '2024-03-20', NULL, NULL),
(9, 9, '2023-02-20', '2023-02-20', '2024-03-20', NULL, NULL),
(10, 10, '2023-02-20', '2023-02-20', '2024-03-20', NULL, NULL),
(11, 11, '2023-02-20', '2023-02-20', '2024-03-20', NULL, NULL),
(12, 12, '2023-02-20', '2023-02-20', '2024-03-20', NULL, NULL),
(13, 13, '2023-02-20', '2023-02-20', '2024-03-20', NULL, NULL),
(14, 14, '2023-02-20', '2023-02-20', '2024-03-20', NULL, NULL),
(15, 15, '2023-02-20', '2023-02-20', '2024-03-20', NULL, NULL),
(16, 16, '2023-02-20', '2023-02-20', '2024-03-20', NULL, NULL),
(17, 17, '2023-02-20', '2023-02-20', '2024-03-20', NULL, NULL),
(18, 18, '2023-02-20', '2023-02-20', '2024-03-20', NULL, NULL),
(19, 19, '2023-02-20', '2023-02-20', '2024-03-20', NULL, NULL),
(20, 20, '2023-02-21', '2023-02-21', '2024-03-21', NULL, NULL),
(21, 21, '2023-02-21', '2023-02-21', '2024-03-21', NULL, NULL),
(22, 22, '2023-02-21', '2023-02-21', '2024-03-21', NULL, NULL),
(23, 23, '2023-02-21', '2023-02-21', '2024-03-21', NULL, NULL),
(24, 24, '2023-02-21', '2023-02-21', '2024-03-21', NULL, NULL),
(25, 25, '2023-02-21', '2023-02-21', '2024-03-21', NULL, NULL),
(26, 26, '2023-02-21', '2023-02-21', '2024-03-21', NULL, NULL),
(27, 27, '2023-02-21', '2023-02-21', '2024-03-21', NULL, NULL),
(28, 28, '2023-02-21', '2023-02-21', '2024-03-21', NULL, NULL),
(29, 29, '2023-02-21', '2023-02-21', '2024-03-21', NULL, NULL),
(30, 30, '2023-02-21', '2023-02-21', '2024-03-21', NULL, NULL),
(31, 31, '2023-02-22', '2023-02-22', '2024-03-22', NULL, NULL),
(32, 32, '2023-02-22', '2023-02-22', '2024-03-22', NULL, NULL),
(33, 33, '2023-02-22', '2023-02-22', '2024-03-22', NULL, NULL),
(34, 34, '2023-02-22', '2023-02-22', '2024-03-22', NULL, NULL),
(35, 35, '2023-02-13', '2024-03-14', '2024-03-23', '2024-03-17', '2024-03-17'),
(36, 36, '2023-02-23', '2023-02-23', '2024-03-23', NULL, NULL),
(37, 37, '2023-02-23', '2023-02-23', '2024-03-23', NULL, NULL),
(38, 38, '2023-02-23', '2023-02-23', '2024-03-23', NULL, NULL),
(39, 39, '2023-02-23', '2023-02-23', '2024-03-23', NULL, NULL),
(40, 40, '2023-02-23', '2023-02-23', '2024-03-23', NULL, NULL),
(41, 41, '2023-02-23', '2023-02-23', '2024-03-23', NULL, NULL),
(42, 42, '2023-02-23', '2023-02-23', '2024-03-23', NULL, NULL),
(43, 43, '2023-02-24', '2023-02-24', '2024-03-24', NULL, NULL),
(44, 44, '2023-02-24', '2023-02-24', '2024-03-24', NULL, NULL),
(45, 45, '2023-02-27', '2023-02-27', '2024-03-27', NULL, NULL),
(46, 46, '2023-02-28', '2023-02-28', '2024-03-28', NULL, NULL),
(47, 47, '2023-03-01', '2023-03-01', '2024-04-01', NULL, NULL),
(48, 48, '2023-03-01', '2023-03-01', '2024-04-01', NULL, NULL),
(49, 49, '2023-03-01', '2023-03-01', '2024-04-01', NULL, NULL),
(50, 50, '2023-03-01', '2023-03-01', '2024-04-01', NULL, NULL),
(51, 51, '2023-03-01', '2023-03-01', '2024-04-01', NULL, NULL),
(52, 52, '2023-03-01', '2023-03-01', '2024-04-01', NULL, NULL),
(53, 53, '2023-03-01', '2023-03-01', '2024-04-01', NULL, NULL),
(54, 54, '2023-03-01', '2023-03-01', '2024-04-01', NULL, NULL),
(55, 55, '2023-03-01', '2023-03-01', '2024-04-01', NULL, NULL),
(56, 56, '2023-03-01', '2023-03-01', '2024-04-01', NULL, NULL),
(57, 57, '2023-03-01', '2023-03-01', '2024-04-01', NULL, NULL),
(58, 58, '2023-03-01', '2023-03-01', '2024-04-01', NULL, NULL),
(59, 59, '2023-03-01', '2023-03-01', '2024-04-01', NULL, NULL),
(60, 60, '2023-03-01', '2023-03-01', '2024-04-01', NULL, NULL),
(61, 61, '2023-03-01', '2023-03-01', '2024-04-01', NULL, NULL),
(62, 62, '2023-03-01', '2023-03-01', '2024-04-01', NULL, NULL),
(63, 63, '2023-03-01', '2023-03-01', '2024-04-01', NULL, NULL),
(64, 64, '2023-03-02', '2023-03-02', '2024-04-02', NULL, NULL),
(65, 65, '2023-03-02', '2023-03-02', '2024-04-02', NULL, NULL),
(66, 66, '2023-03-02', '2023-03-02', '2024-04-02', NULL, NULL),
(67, 67, '2023-03-02', '2023-03-02', '2024-04-02', NULL, NULL),
(68, 68, '2023-03-02', '2023-03-02', '2024-04-02', NULL, NULL),
(69, 69, '2023-03-02', '2023-03-02', '2024-04-02', NULL, NULL),
(70, 70, '2023-03-02', '2023-03-02', '2024-04-02', NULL, NULL),
(71, 71, '2023-03-02', '2023-03-02', '2024-04-02', NULL, NULL),
(72, 72, '2023-03-02', '2023-03-02', '2024-04-02', NULL, NULL),
(73, 73, '2023-03-02', '2023-03-02', '2024-04-02', NULL, NULL),
(74, 74, '2023-03-03', '2023-03-03', '2024-04-03', NULL, NULL),
(75, 75, '2023-03-03', '2023-03-03', '2024-04-03', NULL, NULL),
(76, 76, '2023-03-03', '2023-03-03', '2024-04-03', NULL, NULL),
(77, 77, '2023-03-03', '2023-03-03', '2024-04-03', NULL, NULL),
(78, 78, '2023-03-03', '2023-03-03', '2024-04-03', NULL, NULL),
(79, 79, '2023-03-03', '2023-03-03', '2024-04-03', NULL, NULL),
(80, 80, '2023-03-04', '2023-03-04', '2024-04-04', NULL, NULL),
(81, 81, '2023-03-06', '2023-03-06', '2024-04-06', NULL, NULL),
(82, 82, '2023-03-06', '2023-03-06', '2024-04-06', NULL, NULL),
(83, 83, '2023-03-06', '2023-03-06', '2024-04-06', NULL, NULL),
(84, 84, '2023-03-07', '2023-03-07', '2024-04-07', NULL, NULL),
(85, 85, '2023-03-07', '2023-03-07', '2024-04-07', NULL, NULL),
(86, 86, '2023-03-08', '2023-03-08', '2024-04-08', NULL, NULL),
(87, 87, '2023-03-09', '2023-03-09', '2024-04-09', NULL, NULL),
(88, 88, '2023-03-10', '2023-03-10', '2024-04-10', NULL, NULL),
(89, 89, '2023-03-14', '2023-03-14', '2024-04-14', NULL, NULL),
(90, 90, '2023-12-01', '2023-12-01', '2024-04-01', NULL, NULL),
(92, 92, '2024-03-18', '2024-03-18', '2024-04-17', '2024-03-18', NULL),
(95, 95, '2024-06-09', '2024-06-09', '2024-07-09', NULL, NULL);

-- --------------------------------------------------------

--
-- Estructura de tabla para la tabla `permisos`
--

CREATE TABLE `permisos` (
  `id_permisos` int(11) NOT NULL,
  `id_usuario` int(10) NOT NULL,
  `restriccionDeVistas` int(11) NOT NULL,
  `impresion` int(11) NOT NULL,
  `cobro` int(11) NOT NULL
) ENGINE=InnoDB DEFAULT CHARSET=utf8mb4 COLLATE=utf8mb4_general_ci;

--
-- Volcado de datos para la tabla `permisos`
--

INSERT INTO `permisos` (`id_permisos`, `id_usuario`, `restriccionDeVistas`, `impresion`, `cobro`) VALUES
(1, 1, 1, 0, 1),
(2, 2, 1, 0, 1),
(3, 3, 1, 0, 1),
(4, 4, 1, 0, 1),
(5, 5, 1, 0, 1),
(6, 6, 1, 0, 1),
(7, 7, 1, 0, 1),
(8, 8, 1, 0, 1),
(9, 9, 1, 0, 1),
(10, 10, 1, 0, 1),
(11, 11, 1, 0, 1),
(12, 12, 1, 0, 1),
(13, 13, 1, 0, 1),
(14, 14, 1, 0, 1),
(15, 15, 1, 0, 1),
(16, 16, 1, 0, 1),
(17, 17, 1, 0, 1),
(18, 18, 1, 0, 1),
(19, 19, 1, 0, 1),
(20, 20, 1, 0, 1),
(21, 21, 1, 0, 1),
(22, 22, 1, 0, 1),
(23, 23, 1, 0, 1),
(24, 24, 1, 0, 1),
(25, 25, 1, 0, 1),
(26, 26, 1, 0, 1),
(27, 27, 1, 0, 1),
(28, 28, 1, 0, 1),
(29, 29, 1, 0, 1),
(30, 30, 1, 0, 1),
(31, 31, 1, 0, 1),
(32, 32, 1, 0, 1),
(33, 33, 1, 0, 1),
(34, 34, 1, 0, 1),
(35, 35, 1, 0, 1),
(36, 36, 1, 0, 1),
(37, 37, 1, 0, 1),
(38, 38, 1, 0, 1),
(39, 39, 1, 0, 1),
(40, 40, 1, 0, 1),
(41, 41, 1, 0, 1),
(42, 42, 1, 0, 1),
(43, 43, 1, 0, 1),
(44, 44, 1, 0, 1),
(45, 45, 1, 0, 1),
(46, 46, 1, 0, 1),
(47, 47, 1, 0, 1),
(48, 48, 1, 0, 1),
(49, 49, 1, 0, 1),
(50, 50, 1, 0, 1),
(51, 51, 1, 0, 1),
(52, 52, 1, 0, 1),
(53, 53, 1, 0, 1),
(54, 54, 1, 0, 1),
(55, 55, 1, 0, 1),
(56, 56, 1, 0, 1),
(57, 57, 1, 0, 1),
(58, 58, 1, 0, 1),
(59, 59, 1, 0, 1),
(60, 60, 1, 0, 1),
(61, 61, 1, 0, 1),
(62, 62, 1, 0, 1),
(63, 63, 1, 0, 1),
(64, 64, 1, 0, 1),
(65, 65, 1, 1, 1),
(66, 66, 1, 0, 1),
(67, 67, 1, 0, 1),
(68, 68, 0, 0, 1),
(69, 69, 1, 0, 1),
(70, 70, 1, 0, 1),
(71, 71, 1, 0, 1),
(72, 72, 1, 0, 1),
(73, 73, 1, 0, 1),
(74, 74, 1, 0, 1),
(75, 75, 1, 0, 1),
(76, 76, 1, 0, 1),
(77, 77, 1, 0, 1),
(78, 78, 1, 0, 1),
(79, 79, 1, 0, 1),
(80, 80, 1, 0, 1),
(81, 81, 1, 0, 1),
(82, 82, 1, 0, 1),
(83, 83, 1, 0, 1),
(84, 84, 1, 0, 1),
(85, 85, 1, 0, 1),
(86, 86, 1, 0, 1),
(87, 87, 1, 0, 1),
(88, 88, 1, 0, 1),
(89, 89, 1, 0, 1),
(90, 90, 1, 0, 1),
(92, 92, 1, 0, 1),
(95, 95, 1, 1, 0);

-- --------------------------------------------------------

--
-- Estructura de tabla para la tabla `roles`
--

CREATE TABLE `roles` (
  `id_rol` int(11) NOT NULL,
  `rol` varchar(50) CHARACTER SET utf8 COLLATE utf8_spanish_ci NOT NULL
) ENGINE=InnoDB DEFAULT CHARSET=utf8mb4 COLLATE=utf8mb4_unicode_ci;

--
-- Volcado de datos para la tabla `roles`
--

INSERT INTO `roles` (`id_rol`, `rol`) VALUES
(1, 'Administrador'),
(2, 'Usuario');

-- --------------------------------------------------------

--
-- Estructura de tabla para la tabla `usuarios`
--

CREATE TABLE `usuarios` (
  `id_usuario` int(11) NOT NULL,
  `nombreUsuario` varchar(255) CHARACTER SET utf8 COLLATE utf8_spanish_ci NOT NULL,
  `apellidos` varchar(255) CHARACTER SET utf8 COLLATE utf8_spanish_ci NOT NULL,
  `identificacion` bigint(50) NOT NULL,
  `correo` varchar(255) CHARACTER SET utf8 COLLATE utf8_spanish_ci NOT NULL,
  `telefono` bigint(50) NOT NULL,
  `telefono_secundario` bigint(20) NOT NULL,
  `direccion` varchar(255) CHARACTER SET utf8 COLLATE utf8_spanish_ci NOT NULL,
  `passwords` varchar(1000) CHARACTER SET utf8 COLLATE utf8_spanish_ci NOT NULL,
  `estadoCuenta` int(11) NOT NULL,
  `rol` int(11) NOT NULL
) ENGINE=InnoDB DEFAULT CHARSET=utf8mb4 COLLATE=utf8mb4_unicode_ci;

--
-- Volcado de datos para la tabla `usuarios`
--

INSERT INTO `usuarios` (`id_usuario`, `nombreUsuario`, `apellidos`, `identificacion`, `correo`, `telefono`, `telefono_secundario`, `direccion`, `passwords`, `estadoCuenta`, `rol`) VALUES
(1, 'FABIOLA', 'VILLALBA', 1, 'fabialmanza@gmail.com', 3107112867, 0, '', '$2y$10$gS5/MYnHa6ooPLW2oULKZOmVyVN0wDCMgy4apJdxz4kFuq9zZwkLK', 1, 1),
(2, 'JOSE GREGORIO ', 'LASTRE NAVARRO ', 92518675, 'joselastrenavarro72@gmail.com', 3116533404, 0, '', '$2y$10$j8k2XWM4YgKDCSaz0HNFCuxw.a5JVC2bC7OrBW.OMHU0yb5z4rUia', 1, 1),
(3, 'DIOGENES ', 'DE LA ESPRIELLA ASESORES JURIDICOS', 9007227870, 'gestionprocesal@deaabogados.co', 3107073921, 0, '', '$2y$10$c6gby7Em5n31k.PjITuWguujCY3kGagkj6gES1XDprgCwDZklSiTu', 1, 2),
(4, 'ELOY ', 'PEREZ PATERNINA ', 1102844137, 'eloyperezpaternina@gmail.com', 3008202810, 0, '', '$2y$10$.Kpie9P3gIhr5jZXR0DA6uxOh7nQ8hWTUtwoJimnLrpXKbKYeGSx2', 1, 2),
(5, 'ANDREA P.', 'CANTILLO PADRON ', 23182112, 'ancanp85@hotmail.com', 3002793666, 0, 'BARRIO VENECIA ', '$2y$10$qiDO/3GVhFy1weIvCSvhfeAAzmsME2MpOLYMIRPzjUKAZZhTZ8Yua', 1, 2),
(6, 'SAUL ', 'VEGA ABOGADOS ASOCIADOS SAS ', 9007804479, 'saulvmen@yahoo.com', 6052820957, 0, 'EDIFICIO CONCASA 3 PISO OFIC CENTRO', '$2y$10$gE0ssiCOaH.8OX4z.HGldePfLh.DutZN9kLpD2xU5Ep2Uv80ePRGm', 0, 2),
(7, 'SHEYLA LUCIA', 'EZQUEDA BENITO REVOLLO ', 64552914, 'sheylaluciaezqueda@hotmail.com', 3013523678, 0, '', '$2y$10$IKvm7WPKp6GEaE3XYId52uFczcuXkf.XnHafTMWfrsxSqOOIVs1Ke', 1, 2),
(8, 'ROXANA ', 'TURIZO ARRIETA ', 52467099, 'roxanaturizo@hotmail.com ', 3015055948, 0, 'EDIFICIO ALTAMIZA ', '$2y$10$NsBx3Z0B98Ct.dPHopGmUeUUhP8OrvPAQUX41pH5/1b8w319z505K', 0, 2),
(9, 'NESTOR ENRIQUE ', 'GARCIA ARRIETA - VEMOS POR TUS DERECHOS ', 1102801828, 'vemosportusderechos@outlook.com', 3116739295, 0, '', '$2y$10$LQkZd3keURGTdquAq8U3TuTkKrG0/9PQd7GB7Q8LMyMswCZscJg9W', 0, 2),
(10, 'NELSON ', 'VISBAL MARTELO -COOPERATIVA APOYAR ', 8230039644, 'nelvismar@hotmail.com', 3008113583, 0, '', '$2y$10$s7MP9kC8J.sR8VaRBvCTKuF65r5J5Bb3LKPfV0FaFpCHfg3sWp3Fa', 1, 2),
(11, 'JULIO GENARO ', 'ESTRADA LOZANO ', 1102866857, 'jgel857@gmail.com', 3174249355, 0, 'EDIFICIO AV VILLAS', '$2y$10$9ZdFq9bP3dzY3iUO7pgpZei3d7B5Th9T0h4KZPyk92wYm7Ec8Oj4a', 0, 2),
(12, 'ROSARIO MARÍA ', 'PEÑA AMELL', 64477217, 'rosarioamell@hotmail.com', 3023562371, 0, '', '$2y$10$jBGLIMEO29KGTy.LE5SbiurMi.a95WGbtB0OP8t7SjfRMW1/Wd.Ii', 1, 2),
(13, 'JULIAN ANDRES ', 'ROMERO DE LA OSSA ', 92033373, 'julianromero8302@hotmail.com', 3017409943, 0, 'EDIFICIO ALTAMISA', '$2y$10$1KCkFs944.lK7xRsgHRau.y4C8Wff.SopB0AgX4.VNj3Ck1/MrUru', 0, 2),
(14, 'NESTOR AMAURY ', 'PAEZ LOPEZ ', 92525295, 'npaez1975@outlook.com', 3046379896, 0, 'ESE CENTRO', '$2y$10$qHpdq8rV/m9irc6PZCzeMe3HvxtC3Z8B8j18txgjkf8bstb9vMHEy', 1, 2),
(15, 'GLORIA STELLA ', 'IZAQUITA ARIZA ', 37656965, 'gloria.izaquita@gmail.com', 3163891992, 0, 'BARANQUILLA', '$2y$10$e8RTFgt8sbzjsokqs643t.vxfV8DUXN3y8CWk.sNCLdNekG2b3FRO', 1, 2),
(16, 'JHON RAFAEL ', 'MERCADO BERTEL ', 92528836, 'jhonrmb@gmail.com', 30133549540, 0, 'EDIFICIO ALTAMISA', '$2y$10$3TSxZsr2lghgzQnvdmLO8.POqx0B5xyvU42MKEVDWxxCQXkmrtxMS', 1, 2),
(17, 'RAUL SEGUNDO ', 'CUELLO BARRIOS ', 92500938, 'raulsegundocuellobarrios@hotmail.com', 3106547632, 0, '', '$2y$10$AXzRQB65D8eWIu8OL5XoIe/soI.5kA7Yy2mhgaz5SdvnvAbCvFN8O', 0, 2),
(18, 'ANA ISABEL ', 'POSADA VITAL ', 64743978, 'abogadosasociadoscorozal@hotmail.com', 3017018007, 0, 'COROZAL', '$2y$10$yhTqHsMLJQRf/Tk6EkAJ8efS66bc2B8ufn3cEVK87vu79IlpvmgXe', 1, 2),
(19, 'PROYECTOS E INVERSIONES SAS', 'CLAUDIA TORRES - OMAR LOPEZ ', 9006070287, 'proinmobiliarios900@hotmail.com', 3104724143, 0, 'CALLE 13A N. 17A -82 BARRIO LA FORD ', '$2y$10$3GZazfn2aQve3KBTwLJVleBWPhVwzY0b2.265KTu4N5EpZ9t46VYO', 0, 2),
(20, 'ANIBAL GALINDO ', 'DIAZ CONTRERAS ', 92501169, 'anibaldiazc@hotmail.com', 3004068478, 0, '', '$2y$10$vIPzorQVVRe1tWVkt85Mqu4bV.mVx5Z9IDrr.XVKh1fHRTsmjgcPm', 1, 2),
(21, 'CARLOS DANIEL ', 'FAJARDO OZUNA ', 92531173, 'cadafa78@yahoo.com', 3108997377, 0, 'EDIFICIO NARIÑO', '$2y$10$uI8AtrLJF6tBIZKQf/krEeSlvzXbcRC4.u6AWmd5ugYgBgoH4/enS', 1, 2),
(22, 'ZAMIR ELIAS ', 'NASSER GAVIRIA ', 1102799152, 'ofi_antiguacajaagraria@outlook.com', 3008184698, 0, '', '$2y$10$mFTg4SVkO.2SB0SX3zCmu.NM6iaf8DpY0yYi0nj4B3vahyfzEacAy', 1, 2),
(23, 'HERIBERTO JOSE ', 'SOTELO ALVAREZ ', 6810082, 'hjoso.1516@hotmail.com', 3003159614, 0, 'EDIFICIO NARIÑO', '$2y$10$P25OwkF5dCYZvuAHoMWqdev5HYKYwx/8TJaLOEBXJFsAentnQnVLi', 1, 2),
(24, 'PEREZ MENDEZ ', 'ABOGADOS SAS - DR. DAIRO PEREZ ', 9009429279, 'perezmendezabogadossas@gmail.com', 3155904951, 0, 'EDIFICIO CONCASA 3 PISO OFIC CENTRO', '$2y$10$Kfus.vHv/c9WhkoMynRnMOqoeOl.8Nw2gFehZiJbtAtquhmkohpky', 1, 2),
(25, 'KEVIN ', 'ROMAN MANJARREZ ', 1102229487, 'kroman16n@hotmail.com', 3012024376, 0, '', '$2y$10$NL5.rO8PWFbYIa08iIm6H.JQ2UeqrKR6XqgmG2L94qq.v6.oMKpUC', 0, 2),
(26, 'FABIO ALBERTO ', 'OCHOA LOZANO ', 78733812, 'fabio8000a@hotmail.com', 3016884441, 0, '', '$2y$10$J4qg9wz3EMsRmy9KVgC4S.wUCcrdKpcjqRbKuin8ZnG4SX/LCoRjK', 1, 2),
(27, 'EDUIN RAFAEL ', 'DAZA DÍAZ ', 17971752, 'edwindazadiaz@hotmail.com', 3002029591, 0, 'BARRIO BOSTON', '$2y$10$eqKdfjP1/2dbzXqj0szXle3.9Z6I3NABEUMr7AOWbXzuq6nfS/Tf.', 1, 2),
(28, 'JORGE ALFREDO ', 'MONTES SERRANO ', 92497895, 'jorgealfredomontesserrano@hotmail.com ', 3116515560, 0, 'EDIFICIO CAJA AGRARIA OF 4', '$2y$10$NooSS5DHp4Xyfj7L.nrlX.YznE3tdDdueO7ZqHwrdzaghhKHNqqba', 1, 2),
(29, 'SARIS ', 'CARRANZA AREVALO ', 49685263, 'saris1018@hotmail.es', 3106428113, 0, '', '$2y$10$TdGNmC/Fi3yOQaNlAWuHBO4KryqviD02STS9V8ikks7MQSroQqiri', 0, 2),
(30, 'INSTITUTO DE CANCEROLOGIA DE SUCRE ', 'INCANS ', 8230022271, 'dirjuridica@incans.com.co', 3013298085, 0, 'CENTRO', '$2y$10$aQ5rZaWHUfHEkmBBtA7ucuxURqOd/Xi/1cinZPFU77126n.QFxjB.', 1, 2),
(31, 'HOSPITAL UNIVERSITARIO SINCELEJO ', 'ESE - JOSE MANUEL ABUCHAIBE ', 8922800331, 'juridica@husincelejo.gov.co', 3002543616, 0, 'LA PAJUELA ', '$2y$10$GpANPIg8IUJAX92eZdcC0OhJy/QOsDQ0FPqAtj8uJWpNWGt2JHZHS', 1, 2),
(32, 'ELKIN ALBERTO ', 'FLOREZ DÍAZ ', 92513790, 'elkaf69@hotmail.com', 3114143372, 0, 'EDIFICIO CONCASA 3 PISO OFIC CENTRO', '$2y$10$LooSPjfumrHIlIuQJeL4QeYK/I3R6gRnrcE/D46NPyXkKR6Zu/n8m', 1, 2),
(33, 'MANFRED C. ', 'WAGENER HOLLMANN ', 92501000, 'mcwhjudicial@gmail.com', 3016010519, 0, '', '$2y$10$bzBbJXBl.WKO6PQa6fNEnuSZTiCjXPqTchf5eOAwLnY3bWYRD.jJy', 1, 2),
(34, 'LUIS ALBERTO ', 'MANOTAS ARCINIEGAS ', 1100682358, 'luis.manotas@hotmail.com', 3004312983, 0, 'EDIFICIO GANADERO', '$2y$10$FWLijhbS6l2AplRnIBAQc.az/5CCVBHQHukMELEpUPQFAQqCJok/u', 1, 2),
(35, 'Luis Carlos ', 'Correa Serpa', 123456789, 'luiskcorrea@gmail.com', 3015602301, 3136150072, 'magangué -Bolivar', '$2y$10$4GWmllY07g57aQ4bUw2HIugHmbKogPz4IHQ6YNHVV92CRbNThousO', 1, 2),
(36, 'TULIA TERESA ', 'OÑATE MONTERO', 22866793, 'tuliaom@hotmail.com', 3104271705, 0, 'CARRERA 50 N 27-57 VENECIA SINCELEJO ', '$2y$10$evmaV66vkHnT2NfNYSQkSe.eG07B.4j4DlZRq0/3NRo0Gn3yR..iS', 1, 2),
(37, 'JESUS DAVID ', 'MARQUEZ DE LA ESPRIELLA ', 92641300, 'jdmdle22@hotmail.com', 3012155351, 0, 'GRAN CENTRO EL PARQUE ', '$2y$10$V08loSUOoWXtjx8E0Sxkg.ZZXjKIoMlmsPJz8DTQQ1iQ.Cc//WU4u', 1, 2),
(38, 'GRAN CENTRO ', 'EL PARQUE ', 8002302401, 'gcpsincelejo@hotmail.com', 3014044558, 0, 'GRAN CENTRO EL PARQUE ', '$2y$10$JtnSwsVOOj7BwOtP7fcgp.wIOtAyUNLzPOesm7ueVuyOZCPEJaPE6', 1, 2),
(39, 'FRANCISCO GUILLERMO ', 'MARRUGO MONTES ', 92500849, 'pachoguillo@gmail.com', 3008038122, 0, 'BARRANQUILLA', '$2y$10$tRdDlKwr2N7h1RkzvAZKAePHSMsKqOaTUXpaf0j25QR6Ve8uZuXx2', 1, 2),
(40, 'PABLO SEGUNDO ', 'ROMERO MARTINEZ ', 92514626, 'dannatete7@hotmail.com', 3008377030, 0, 'CARRERA 13 N. 22-64 PISO 2 OF. 202', '$2y$10$h5PtkwpuEe0RKfXulpm2A.esRsNhpXk4JGAF4h.eiNE5n7aXnBXRG', 1, 2),
(41, 'JOSE ', 'RESTREPO VITOLA ', 1102809419, 'joserestrepovitola1@gmail.com', 3023803262, 0, '', '$2y$10$11v08449Eza5Tq0ogKNQNu5Hwn1EpWfGz0U7j.pL8N3P1YYSs1JKy', 1, 2),
(42, 'URBAN ', 'INMOBILIARIA - CAROLINA ANAYA ', 9009404999, 'urbaninmobiliariasa@gmail.com', 3012336667, 0, 'CARRERA 17 N. 18-58 LOCAL 2', '$2y$10$zTQdyK37xF8LX7CoJOqzqutVweURnKCxHiHtqxPhhxwo.U6nT/UE6', 0, 2),
(43, 'INTERASEO SAS ESP', 'CIDEZ BENITEZ MORENO ', 8190009391, 'analistapqrsucre@interaseo.com.co', 3209282332, 0, '', '$2y$10$a.whuLuEDCfRSsEZbQ2CLeQdOkyB.ZDvS7fPcrp1vQN0pxjXNrhEG', 1, 2),
(44, 'JESUS ALBREY ', 'GONZALEZ PAEZ ', 74372708, 'gonzalezpaezabogados@gmail.com', 3246467069, 0, 'CRA. 20 N. 18-17 BARRIO LA FORD- EDIFICIO EL PORTAL ', '$2y$10$uv0p553WsUODoYQRAof6wexxpd/MEAo7IBFCYvpmZg.QpPT338nim', 1, 2),
(45, 'JORGE LUIS ', 'LAMBIZ ANAYA ', 92532645, 'jlambiz@hotmail.com', 3023557865, 0, 'LA TOSCANA', '$2y$10$U43tPqBB5cfpCwIl7JJHweVdwUhqC23ESASzfrf8alM37JCybF96q', 0, 2),
(46, 'ALVARO JAVIER ', 'PEÑA ROMERO ', 1128060862, 'abogadoalvarojavier@hotmail.com', 3004488930, 0, 'CRA 17 #22 - 48 OFICINA 301', '$2y$10$/yoDKjTbnrmHtbW31EAa9es1HPwS3zJLpITfg1zwcDk6Nofp4aIl.', 1, 2),
(47, 'MANUEL ESTEBAN', 'VERGARA RUIZ', 92521293, 'maneduarabogados@gmail.com', 3008427981, 3106594868, 'CARRERA 18 No. 23-20 OFICINA 63', '$2y$10$w6ZObnuVyk4no.QwUVTaTOz1PrdOU02ytHPp/W6RlXvfwRdbJ3j12', 1, 2),
(48, 'RAFAEL GUILLERMO ', 'GONZALEZ GUERRERO ', 19175907, 'rafagonzalera@gmail.com', 3004748608, 0, 'CARRERA 30 N. 24D 40 CASA 17', '$2y$10$xRqfn7lM2NrmjPmWc7NCqukWMzbD5ejU.iPMBYxZm0.lGukzGcuv.', 1, 2),
(49, 'GLORIA ', 'ARANGO FLOREZ ', 30280633, 'espera0721@hotmail.com', 3193561355, 0, 'MZ P3 ALAMEDA LA VICTORIA ', '$2y$10$BCjw22FHRh4Gsb2ZDvm7MO6No40hgYu3uBtOLW8k53WcnNlUBK5Pu', 0, 2),
(50, 'MARÍA ALEJANDRA', 'LASTRE', 1102874940, 'marialelastre@gmail.com', 3016844324, 0, 'Pioneros', '$2y$10$BpLz/VVeS1.cchoHnULAzud3DG1A2aaa0chWxMW5bO0OwZUzAO4SK', 1, 2),
(51, 'MANOLA ', 'JANNE PALENCIA ', 64930459, 'manoladelpilarjannepalencia@gmail.com', 3014718921, 0, 'DIAGONAL 35 N. 29-44 BOSTON ', '$2y$10$4joObQZNHe10jy6Fwkma1.obB75.lwBUeB1Ou591GPlveFoFaEBIO', 0, 2),
(52, 'MARCELA', 'BENAVIDEZ CERRO', 32930600, 'juridica_icc@hotmail.com', 3006785918, 0, '', '$2y$10$F6.5cOM36etKTynKWwDQOeCRcIjeO4jxUStlKN/qHb7t3R7zmRxR6', 1, 2),
(53, 'KARINA ', 'VILLAMIZAR HERRERA -COMFASUCRE', 64869647, 'karina.villamizar@comfasucre.com.co', 3104393906, 0, 'CALLE 28 #25B-50', '$2y$10$sO2HvaNoAi8UXzl9wa.KTe50jWFwbflpet6Oij51jG.DYEZWe2epO', 1, 2),
(54, 'GABRIEL ', 'GUERRERO RICARDO - COMFASUCRE', 78761474, 'gabriel.guerrero@comfasucre.com.co', 3173753475, 0, 'CALLE 28 # 25B-50', '$2y$10$7lQB1ntWP7frLTQT9prKle0SZ1oo9R..uhYV.PABrR/TGhcESG4Ma', 1, 2),
(55, 'MONICA ', 'ATENCIA JARABA -COMFASUCRE ', 1100398733, 'monica.jaraba@comfasucre.com.co', 3046742533, 0, 'CALLE 28 # 25B-50', '$2y$10$AyPRySfO7lbGswvb1kSfzutoV7xykocSKkwriQG8Ctf/tWwO/T6jy', 1, 2),
(56, 'ALBERTO ', 'BLANCO NUÑEZ -COMFASUCRE ', 92526019, 'ablancoeps34@hotmail.com ', 3246821639, 0, 'CALLE 28 # 25B-50', '$2y$10$DoOfTiNxP3cKf4x8erEkaObigbtZ/fEW6TEmbNKqmtTvvMPz5XMWG', 1, 2),
(57, 'JORGE ', 'BETTIN PATERNINA -COMFASUCRE ', 1102866213, 'jorgebettin@outlook.es', 3014878704, 0, 'CALLE 28 # 25B-50', '$2y$10$8JcQW5iHU/4YjT6MhYnvaOxUkAsMWOwzegPJ47p0IPCm7fxJBEusi', 1, 2),
(58, 'ERIKA LUCIA ', 'MEDINA RIVERA -COMFASUCRE ', 22865693, 'erika.medina@comfasucre.com.co', 3008599117, 0, 'CALLE 28 # 25B-50', '$2y$10$ZSDJuCtDsH7BfxyLSNCZmuyFqYUNy4xfD1DBdcsvkzXuw1xDk9n.a', 1, 2),
(59, 'ADRIANA ', 'MARIA SEGOVIA- COMFASUCRE', 1102878402, 'adriana.segovia@comfasucre.com.co', 3226079692, 0, 'CALLE 28 # 25B-50', '$2y$10$a6uI1ZuS61EnLEZeQeK1U.L2heAMuZyo.H/r8FVVDDPcDIhTXP/5O', 1, 2),
(60, 'JESUS ', 'SIERRA TORRENTE ', 92641891, 'jasierra27@hotmail.com', 3212681724, 3013704180, 'SINCELEJO ', '$2y$10$9gFcddhxSoTge1nGn9oZaesw.MDYItbJSjzhHI9AfqO4W0B6iXi2u', 0, 2),
(61, 'ADRIANA PATRICIA ', 'REYES BUELVAS ', 30575505, 'aparebu197705@hotmail.com', 3007978663, 0, 'CALLE 24D #29-42 CASA 8', '$2y$10$rDLCpsuwVwosN9SHPMQrcOjMHvLYY22y1uBEb5ULT60X4IBVGzODS', 1, 2),
(62, 'VICTOR ', 'MAYA GONZALEZ ', 8668024, 'victormayagon@gmail.com', 3013715596, 0, 'CARRERA 18 N. 2320 OF. 504', '$2y$10$HZUPH/0QI6BqE7Roo8RjSuHdXI2iFpZ1M/b.sDElaMhqMaKojZugm', 0, 2),
(63, 'CENIRA ', 'PINTO OYOLA ', 1102873724, 'asesoriasjuridicasaji2020@gmail.com', 3138332793, 0, 'CARRERA 14 N. 21-20 ', '$2y$10$yLwC07RwZJPP16OAib8QDOPKADjeFTNK4dRabSK0fTpzyrAPCOXYu', 0, 2),
(64, 'KATHERIN PAOLA ', 'ALVAREZ RIVERA ', 1102856905, 'katherinalvarez19@hotmail.com', 3012593500, 0, 'CRA. 8F N. 26-33', '$2y$10$nBYt.ZMTLHj75B7s0OJjP.JacpLo0DT9bqAAJ//OzWPjHdBMAersa', 1, 2),
(65, 'GESTION Y NEGOCIOS ', 'INMOBILIARIOS ', 900437032, 'gestionynegocios@live.com', 3002055000, 0, 'CENTRO', '$2y$10$ykneTMoAOKmQyhn9W/TAxugsF8fcgs6Ifo8xc2hmYK6fDVV106rnm', 1, 2),
(66, 'SUAD PAULINA ', 'CAMARGO GONZALEZ ', 23179875, 'paulinacamargo1985@gmail.com', 3108472090, 0, 'CALLE 22 N. 26-17 EDIFICIO ALTAMIZA OF. 405', '$2y$10$rYrCs3NAWZ/JPOOb3dSv0.Oojc4kSvmkeyCU86yO4IQVxQ3ovUUFC', 1, 2),
(67, 'JORGE', 'MARTINEZ VERGARA', 80426060, 'jorgemarver@hotmail.com', 3017647665, 0, 'CALLE 21 N. 16-11 OFICINA 3D ED. GANADERO Y PROFESIONAL', '$2y$10$aneY3jCQtxTl2hemaKVSN.CP0UpiI6KrKlu.LdgD.bt5TZeXaiF7C', 1, 2),
(68, 'DORIAN', 'DIAZ BARBOZA', 92529490, 'doriandiazbarboza@gmail.com', 3017545582, 0, 'EDIFICIO CAJA AGRARIA OF 6', '$2y$10$8LCRVK4Bmd9sTucnIbxz8uVtFZxNGXFDlh1NvQo3v3PaPBbVVr5V6', 1, 2),
(69, 'ROBINSON ', 'RIOS FUENTES ', 92516264, 'rios-robin@hotmail.com ', 3017431190, 0, 'CALLE 28 N. 11B 17 BARRIO LA TERRAZA ', '$2y$10$bRCuvsq0B27HFbAzLNnsreKUsUIFvfRwVXt/eRF24pCA11vEN2WdC', 1, 2),
(70, 'RAMIRO ', 'VERGARA ORTEGA ', 92542506, 'rjvergara6@hotmail.com', 3008462978, 0, 'CARRERA 12B N. 26B20 LA BASTILLA ', '$2y$10$ynKljhyDP1CDpaXkB3Wu8eA5MrefImgyxj4ekrIA71bBqax6wD2h6', 1, 2),
(71, 'NUMA RAFAEL ', 'ORTIZ FERNANDEZ ', 15042621, 'numaortizoficina@yahoo.es', 3013630890, 0, 'CALLE 25 N. 38-17 BARRIO FLORENCIA ', '$2y$10$Dd29F/MF0Zxm3tbblHCaL.B5gUeb1HTmLqMWC4YIknoFx.J74eSyO', 1, 2),
(72, 'MARCELA ', 'BENAVIDES CERRO ', 32930600, 'juridica_icc@hotmail.com', 3006795918, 0, 'CARRERA 27A N. 32A 27 BARRIO VILLA ANDREA COROZAL ', '$2y$10$QG4LQwl1R1LP1L2r28duZupJO9uBGB1ZgNG6d4WFBbzpniPRtCRlu', 1, 2),
(73, 'INGRIS', 'ESCORCIA TRUYOL - MARIA REINA ', 9005133065, 'asesorajuridica@fundacionmariareina.com', 3215102029, 0, 'CENTRO ', '$2y$10$HMKI7SN.llb1Es9hSuZGZOlwZRSKf9sL2CVsy8hJxLQonqvXvlX3m', 1, 2),
(74, 'ELKIN ', 'ECHEVERRY MANZANO ', 71576778, 'echeman1@hotmail.com', 3158973466, 0, 'AVENIDA PRIMERA 21-115 TOLU ', '$2y$10$H5vHq2cZJGCglxBNww8El.9svRA.58hwpet0BMNoLnj5iVOOuGqu2', 1, 2),
(75, 'HENRY JOSE ', 'VALETA LOPEZ ', 92522057, 'henryvaletal@hotmail.com', 3014489008, 0, 'CALLE 32 #27B 246', '$2y$10$usXVt0FtBf4Gz2MG82MU4OpZa55QG3KfA9aR5HHOnTcHuHMYlJVmC', 1, 2),
(76, 'DAIRO ', 'PEREZ MENDEZ ', 73144445, 'dairoperez7@gmail.com', 3155904951, 0, 'EDIFICIO CONCASA ', '$2y$10$.4wOHmI4vMS63lw.LLJp2eRD4BSTczdCb24PFaacZkE9dH/Im2SkC', 1, 2),
(77, 'YHOJAM MANUEL ', 'SANCHEZ QUIROZ ', 92525230, 'yhojam0526@gmail.com', 3102320150, 0, 'CENTRO ', '$2y$10$vX0DQE4NvYSqzvW25Vp2DOLUFUL.ZrWuNvWza3t.0G2AExQmz0UsO', 1, 2),
(78, 'DARIO RAFAEL ', 'GRANADOS VERGARA ', 92515680, 'dariorgranados@gmail.com', 3145742267, 0, 'EDIFICIO ANTIGUA CAJA AGRARIA OF. 403', '$2y$10$6vL2lnPe9Dy3QIE9TTCjEOn7cs6uTaY5hVp6ptBOVW7RQZSLXy1gy', 0, 2),
(79, 'COLOMBO DE JESUS', 'SALADEN CARRASQUILLA', 9091227, 'cristoforocsc@hotmail.com', 3106105733, 0, 'CALLE 19 No. 20-20 EDIF. EDUCARDO QUINTO OFIC 402', '$2y$10$UvqbkyQJzdijRJ9/ZxVuXezbBYNbBp.S80Pk/UqHGGm4P9eUubhn.', 0, 2),
(80, 'CLINICA SALUD SOCIAL ', 'SAS ', 8230029919, 'juridica@clinicasaludsocial.com', 3005522450, 0, 'BARRIO MAJAGUAL - SINCELEJO ', '$2y$10$Tnefc3kMFl25B3lslGLwkuJD36Ckh2BojGgsKEXZKPJjLtDWjMv2i', 1, 2),
(81, 'FULGENCIO ', 'PEREZ DIAZ ', 92497039, 'fulgencioperezd@hotmail.com', 3023768096, 0, 'BARRIO MAJAGUAL ', '$2y$10$AaNy9gJLAB1EWlM.om1e4ucbYRqxsMtW1rveeodLyeAUyiNK8f3Fm', 1, 2),
(82, 'JOSE MANUEL ', 'GONZALEZ VILLALBA ', 92497748, 'abo.jogonzalez@hotmail.com', 3006659436, 0, 'CENTRO ', '$2y$10$oMuQ/7TTngSyB/k.TTL7EeAzJPVwMg48bMpjnUoBdz3p6hXIKfQFC', 0, 2),
(83, 'EDWIN CARLOS ', 'RODRIGUEZ VILLAMIZAR ', 8533217, 'edwinrodriguezvillamizar@hotmail.com', 3114334045, 0, 'EDIFICIO BANCO BOGOTA OF. 6', '$2y$10$4AYAiTw4t2ikbBz8Y1Q2ZeME76oKUIxoGcDdnqmmSOjTYtYO0jckO', 1, 2),
(84, 'LEONARDO JOSE', 'OVIEDO REVOLLO ', 1103099320, 'insolidumfirma@gmail.com', 3005417875, 0, 'CARRERA 18 N. 25A 100', '$2y$10$Q1OAz0KRvQKugdT7em33yON0MSJ8R7e.d3Us4UUoNr.MIzgV5459a', 1, 2),
(85, 'RAMIRO ENRIQUE ', 'VERGARA ALVIZ ', 92495063, 'ramirovergaraalviz@hotmail.com', 3126026993, 0, 'CARRERA 16A N. 26-66', '$2y$10$k8F3vdhlwg9T7eAIDuKzkePOwJjRNsct1XHzlKFYepUS9lliQiVwW', 1, 2),
(86, 'JORGE ', 'BETTIN PATERNINA - COMFASUCRE ', 1102866213, 'jorgebettin@outlook.es', 3014878704, 0, 'CALLE 28 # 25B-50', '$2y$10$WQbeuJwsBQdOv9JJiMtgMeuDsuO16QTO0kyp8fXazGIkzvLS2lV1C', 1, 2),
(87, 'CARSUCRE ', 'OLGA GIL', 8230000504, 'secretariageneral@carsucre.gov.co', 3145651166, 0, 'CARRERA 25 N. 25-101 AV. OCALA ', '$2y$10$Df1gWVW0YWik3y3y64PZ6ubRImU.eWnuy/8LMTyKTlricB65dWnO.', 1, 2),
(88, 'ALVARO YESID', 'LEDESMA AGUAS ', 92528872, 'zhamersteven@hotmail.com', 3014122517, 0, 'CALLE 93 #71-117 TORRE 1 APTO. 502 BARRANQUILLA ', '$2y$10$v5O2GWq1dZMq..ZZ8zVdS.kNJOVRhes9o/OSdOOESIx/46yc6/ZKW', 1, 2),
(89, 'ANGEL ', 'VALDELAMAR ', 1102827609, 'personalprocess2.0@protonmail.com', 3015983267, 0, 'CALLE 35 N. 5 B 4 BARRIO ARGELIA ', '$2y$10$fXaP4KlnoyS/onYt5e0pj./Brc6ZNW1WsVJ5A82yvYN0kMRfHLvVq', 1, 2),
(90, 'ESPERANZA ', 'SALOM PINTO ', 64555390, 'salomyabogados@hotmail.com', 3103535610, 0, 'Cra 18 N. 23-20 EDIFICIO CAJA AGRARIA ', '$2y$10$0FGQ42/Hi0jyJqhzS/W8A.vf7bDSLisTVEFHnX.c0RCorikewBFJq', 1, 2),
(92, 'luis', 'Paternina correa', 123456, 'prueba@gmail.com', 4341704508, 0, 'calle 4b 4b-52', '$2y$10$tQ/KSHcFK.omWqqZgy7BXeR/KwzxkC0yl.Zzf3XdLyCft0gfBm6fy', 0, 2),
(95, 'Repudiandae iste aut', 'Molestiae consequunt', 7, 'ciqohora@mailinator.com', 46, 30, 'Maiores qui veritati', '$2y$10$mD5Z6vVzoembrcQgqNB81.6s2JRvJIqB2D1UekVe4.nXo2pXJX56q', 1, 2);

-- --------------------------------------------------------

--
-- Estructura de tabla para la tabla `vistas`
--

CREATE TABLE `vistas` (
  `id_vistas` int(11) NOT NULL,
  `id_usuario` int(11) NOT NULL,
  `id_documento` int(11) NOT NULL,
  `vistas_usadas_hoy` int(11) NOT NULL,
  `total_vistas_usadas` int(11) NOT NULL,
  `fecha_primera_vista` datetime NOT NULL,
  `fecha_ultima_vista` datetime NOT NULL,
  `dispositivo` varchar(20) NOT NULL,
  `ip` varchar(50) NOT NULL,
  `navegador` varchar(100) NOT NULL,
  `os` varchar(20) NOT NULL
) ENGINE=InnoDB DEFAULT CHARSET=utf8mb4 COLLATE=utf8mb4_unicode_ci;

--
-- Volcado de datos para la tabla `vistas`
--

INSERT INTO `vistas` (`id_vistas`, `id_usuario`, `id_documento`, `vistas_usadas_hoy`, `total_vistas_usadas`, `fecha_primera_vista`, `fecha_ultima_vista`, `dispositivo`, `ip`, `navegador`, `os`) VALUES
(1, 4, 1, 0, 0, '0000-00-00 00:00:00', '0000-00-00 00:00:00', '', '', '', ''),
(2, 4, 2, 0, 0, '0000-00-00 00:00:00', '0000-00-00 00:00:00', '', '', '', ''),
(3, 4, 3, 0, 0, '0000-00-00 00:00:00', '0000-00-00 00:00:00', '', '', '', ''),
(4, 4, 4, 0, 0, '0000-00-00 00:00:00', '0000-00-00 00:00:00', '', '', '', ''),
(5, 4, 5, 0, 0, '0000-00-00 00:00:00', '0000-00-00 00:00:00', '', '', '', ''),
(6, 4, 6, 0, 0, '0000-00-00 00:00:00', '0000-00-00 00:00:00', '', '', '', ''),
(7, 8, 1, 1, 1, '2023-03-30 00:00:00', '2023-03-30 00:00:00', '', '', '', ''),
(8, 8, 2, 1, 1, '2023-03-30 00:00:00', '2023-03-30 00:00:00', '', '', '', ''),
(9, 8, 3, 1, 1, '2023-03-30 00:00:00', '2023-03-30 00:00:00', '', '', '', ''),
(10, 8, 4, 1, 1, '2023-03-30 00:00:00', '2023-03-30 00:00:00', '', '', '', ''),
(11, 8, 5, 1, 1, '2023-03-30 00:00:00', '2023-03-30 00:00:00', '', '', '', ''),
(12, 8, 6, 1, 1, '2023-03-30 00:00:00', '2023-03-30 00:00:00', '', '', '', ''),
(13, 8, 7, 1, 1, '2023-03-30 00:00:00', '2023-03-30 00:00:00', '', '', '', ''),
(14, 8, 8, 0, 0, '0000-00-00 00:00:00', '0000-00-00 00:00:00', '', '', '', ''),
(15, 6, 1, 0, 0, '0000-00-00 00:00:00', '0000-00-00 00:00:00', '', '', '', ''),
(16, 6, 2, 0, 0, '0000-00-00 00:00:00', '0000-00-00 00:00:00', '', '', '', ''),
(17, 6, 3, 0, 0, '0000-00-00 00:00:00', '0000-00-00 00:00:00', '', '', '', ''),
(18, 6, 4, 0, 0, '0000-00-00 00:00:00', '0000-00-00 00:00:00', '', '', '', ''),
(19, 6, 5, 0, 0, '0000-00-00 00:00:00', '0000-00-00 00:00:00', '', '', '', ''),
(20, 6, 6, 0, 0, '0000-00-00 00:00:00', '0000-00-00 00:00:00', '', '', '', ''),
(21, 6, 7, 0, 0, '0000-00-00 00:00:00', '0000-00-00 00:00:00', '', '', '', ''),
(22, 6, 8, 0, 0, '0000-00-00 00:00:00', '0000-00-00 00:00:00', '', '', '', ''),
(23, 6, 9, 0, 0, '0000-00-00 00:00:00', '0000-00-00 00:00:00', '', '', '', ''),
(24, 6, 10, 0, 0, '0000-00-00 00:00:00', '0000-00-00 00:00:00', '', '', '', ''),
(25, 25, 1, 0, 0, '0000-00-00 00:00:00', '0000-00-00 00:00:00', '', '', '', ''),
(26, 25, 2, 0, 0, '0000-00-00 00:00:00', '0000-00-00 00:00:00', '', '', '', ''),
(27, 25, 3, 0, 0, '0000-00-00 00:00:00', '0000-00-00 00:00:00', '', '', '', ''),
(28, 25, 4, 0, 0, '0000-00-00 00:00:00', '0000-00-00 00:00:00', '', '', '', ''),
(29, 25, 5, 0, 0, '0000-00-00 00:00:00', '0000-00-00 00:00:00', '', '', '', ''),
(30, 25, 6, 0, 0, '0000-00-00 00:00:00', '0000-00-00 00:00:00', '', '', '', ''),
(31, 25, 7, 0, 0, '0000-00-00 00:00:00', '0000-00-00 00:00:00', '', '', '', ''),
(32, 25, 8, 0, 0, '0000-00-00 00:00:00', '0000-00-00 00:00:00', '', '', '', ''),
(33, 25, 9, 0, 0, '0000-00-00 00:00:00', '0000-00-00 00:00:00', '', '', '', ''),
(34, 25, 10, 0, 0, '0000-00-00 00:00:00', '0000-00-00 00:00:00', '', '', '', ''),
(35, 39, 1, 0, 0, '0000-00-00 00:00:00', '0000-00-00 00:00:00', '', '', '', ''),
(36, 39, 2, 0, 0, '0000-00-00 00:00:00', '0000-00-00 00:00:00', '', '', '', ''),
(37, 39, 3, 0, 0, '0000-00-00 00:00:00', '0000-00-00 00:00:00', '', '', '', ''),
(38, 39, 4, 0, 0, '0000-00-00 00:00:00', '0000-00-00 00:00:00', '', '', '', ''),
(39, 39, 5, 0, 0, '0000-00-00 00:00:00', '0000-00-00 00:00:00', '', '', '', ''),
(40, 39, 6, 0, 0, '0000-00-00 00:00:00', '0000-00-00 00:00:00', '', '', '', ''),
(41, 39, 7, 0, 0, '0000-00-00 00:00:00', '0000-00-00 00:00:00', '', '', '', ''),
(42, 39, 8, 0, 0, '0000-00-00 00:00:00', '0000-00-00 00:00:00', '', '', '', ''),
(43, 39, 9, 0, 0, '0000-00-00 00:00:00', '0000-00-00 00:00:00', '', '', '', ''),
(44, 39, 10, 0, 0, '0000-00-00 00:00:00', '0000-00-00 00:00:00', '', '', '', ''),
(45, 28, 1, 0, 0, '0000-00-00 00:00:00', '0000-00-00 00:00:00', '', '', '', ''),
(46, 28, 2, 0, 0, '0000-00-00 00:00:00', '0000-00-00 00:00:00', '', '', '', ''),
(47, 28, 3, 0, 0, '0000-00-00 00:00:00', '0000-00-00 00:00:00', '', '', '', ''),
(48, 28, 4, 0, 0, '0000-00-00 00:00:00', '0000-00-00 00:00:00', '', '', '', ''),
(49, 28, 5, 0, 0, '0000-00-00 00:00:00', '0000-00-00 00:00:00', '', '', '', ''),
(50, 28, 6, 0, 0, '0000-00-00 00:00:00', '0000-00-00 00:00:00', '', '', '', ''),
(51, 28, 7, 0, 0, '0000-00-00 00:00:00', '0000-00-00 00:00:00', '', '', '', ''),
(52, 28, 8, 0, 0, '0000-00-00 00:00:00', '0000-00-00 00:00:00', '', '', '', ''),
(53, 28, 9, 0, 0, '0000-00-00 00:00:00', '0000-00-00 00:00:00', '', '', '', ''),
(54, 28, 10, 0, 0, '0000-00-00 00:00:00', '0000-00-00 00:00:00', '', '', '', ''),
(55, 28, 11, 0, 0, '0000-00-00 00:00:00', '0000-00-00 00:00:00', '', '', '', ''),
(56, 39, 11, 0, 0, '0000-00-00 00:00:00', '0000-00-00 00:00:00', '', '', '', ''),
(57, 39, 12, 0, 0, '0000-00-00 00:00:00', '0000-00-00 00:00:00', '', '', '', ''),
(58, 39, 13, 0, 0, '0000-00-00 00:00:00', '0000-00-00 00:00:00', '', '', '', ''),
(59, 39, 14, 0, 0, '0000-00-00 00:00:00', '0000-00-00 00:00:00', '', '', '', ''),
(60, 5, 14, 0, 0, '0000-00-00 00:00:00', '0000-00-00 00:00:00', '', '', '', ''),
(61, 5, 13, 0, 0, '0000-00-00 00:00:00', '0000-00-00 00:00:00', '', '', '', ''),
(62, 5, 12, 0, 0, '0000-00-00 00:00:00', '0000-00-00 00:00:00', '', '', '', ''),
(63, 5, 10, 0, 0, '0000-00-00 00:00:00', '0000-00-00 00:00:00', '', '', '', ''),
(64, 5, 11, 0, 0, '0000-00-00 00:00:00', '0000-00-00 00:00:00', '', '', '', ''),
(65, 5, 9, 0, 0, '0000-00-00 00:00:00', '0000-00-00 00:00:00', '', '', '', ''),
(66, 5, 8, 0, 0, '0000-00-00 00:00:00', '0000-00-00 00:00:00', '', '', '', ''),
(67, 5, 7, 0, 0, '0000-00-00 00:00:00', '0000-00-00 00:00:00', '', '', '', ''),
(68, 5, 1, 0, 0, '0000-00-00 00:00:00', '0000-00-00 00:00:00', '', '', '', ''),
(69, 5, 2, 0, 0, '0000-00-00 00:00:00', '0000-00-00 00:00:00', '', '', '', ''),
(70, 42, 16, 0, 0, '0000-00-00 00:00:00', '0000-00-00 00:00:00', '', '', '', ''),
(71, 42, 15, 0, 0, '0000-00-00 00:00:00', '0000-00-00 00:00:00', '', '', '', ''),
(72, 42, 14, 0, 0, '0000-00-00 00:00:00', '0000-00-00 00:00:00', '', '', '', ''),
(73, 42, 13, 0, 0, '0000-00-00 00:00:00', '0000-00-00 00:00:00', '', '', '', ''),
(74, 42, 12, 0, 0, '0000-00-00 00:00:00', '0000-00-00 00:00:00', '', '', '', ''),
(75, 42, 10, 0, 0, '0000-00-00 00:00:00', '0000-00-00 00:00:00', '', '', '', ''),
(76, 42, 11, 0, 0, '0000-00-00 00:00:00', '0000-00-00 00:00:00', '', '', '', ''),
(77, 42, 9, 0, 0, '0000-00-00 00:00:00', '0000-00-00 00:00:00', '', '', '', ''),
(78, 42, 8, 0, 0, '0000-00-00 00:00:00', '0000-00-00 00:00:00', '', '', '', ''),
(79, 42, 7, 1, 1, '2023-03-17 00:00:00', '2023-03-17 00:00:00', '', '', '', ''),
(80, 5, 16, 0, 0, '0000-00-00 00:00:00', '0000-00-00 00:00:00', '', '', '', ''),
(81, 5, 15, 0, 0, '0000-00-00 00:00:00', '0000-00-00 00:00:00', '', '', '', ''),
(82, 13, 16, 0, 0, '0000-00-00 00:00:00', '0000-00-00 00:00:00', '', '', '', ''),
(83, 13, 15, 0, 0, '0000-00-00 00:00:00', '0000-00-00 00:00:00', '', '', '', ''),
(84, 13, 14, 0, 0, '0000-00-00 00:00:00', '0000-00-00 00:00:00', '', '', '', ''),
(85, 13, 13, 0, 0, '0000-00-00 00:00:00', '0000-00-00 00:00:00', '', '', '', ''),
(86, 13, 12, 0, 0, '0000-00-00 00:00:00', '0000-00-00 00:00:00', '', '', '', ''),
(87, 13, 10, 0, 0, '0000-00-00 00:00:00', '0000-00-00 00:00:00', '', '', '', ''),
(88, 13, 11, 0, 0, '0000-00-00 00:00:00', '0000-00-00 00:00:00', '', '', '', ''),
(89, 13, 9, 0, 0, '0000-00-00 00:00:00', '0000-00-00 00:00:00', '', '', '', ''),
(90, 13, 8, 0, 0, '0000-00-00 00:00:00', '0000-00-00 00:00:00', '', '', '', ''),
(91, 13, 7, 0, 0, '0000-00-00 00:00:00', '0000-00-00 00:00:00', '', '', '', ''),
(92, 13, 1, 0, 0, '0000-00-00 00:00:00', '0000-00-00 00:00:00', '', '', '', ''),
(93, 13, 2, 0, 0, '0000-00-00 00:00:00', '0000-00-00 00:00:00', '', '', '', ''),
(94, 13, 3, 0, 0, '0000-00-00 00:00:00', '0000-00-00 00:00:00', '', '', '', ''),
(95, 13, 4, 0, 0, '0000-00-00 00:00:00', '0000-00-00 00:00:00', '', '', '', ''),
(96, 13, 5, 0, 0, '0000-00-00 00:00:00', '0000-00-00 00:00:00', '', '', '', ''),
(97, 13, 6, 0, 0, '0000-00-00 00:00:00', '0000-00-00 00:00:00', '', '', '', ''),
(98, 28, 16, 0, 0, '0000-00-00 00:00:00', '0000-00-00 00:00:00', '', '', '', ''),
(99, 28, 15, 0, 0, '0000-00-00 00:00:00', '0000-00-00 00:00:00', '', '', '', ''),
(100, 28, 14, 0, 0, '0000-00-00 00:00:00', '0000-00-00 00:00:00', '', '', '', ''),
(101, 28, 13, 0, 0, '0000-00-00 00:00:00', '0000-00-00 00:00:00', '', '', '', ''),
(102, 28, 12, 0, 0, '0000-00-00 00:00:00', '0000-00-00 00:00:00', '', '', '', ''),
(103, 23, 16, 0, 0, '0000-00-00 00:00:00', '0000-00-00 00:00:00', '', '', '', ''),
(104, 23, 15, 0, 0, '0000-00-00 00:00:00', '0000-00-00 00:00:00', '', '', '', ''),
(105, 23, 14, 0, 0, '0000-00-00 00:00:00', '0000-00-00 00:00:00', '', '', '', ''),
(106, 23, 13, 0, 0, '0000-00-00 00:00:00', '0000-00-00 00:00:00', '', '', '', ''),
(107, 23, 12, 0, 0, '0000-00-00 00:00:00', '0000-00-00 00:00:00', '', '', '', ''),
(108, 23, 10, 0, 0, '0000-00-00 00:00:00', '0000-00-00 00:00:00', '', '', '', ''),
(109, 23, 11, 0, 0, '0000-00-00 00:00:00', '0000-00-00 00:00:00', '', '', '', ''),
(110, 23, 9, 0, 0, '0000-00-00 00:00:00', '0000-00-00 00:00:00', '', '', '', ''),
(111, 23, 8, 0, 0, '0000-00-00 00:00:00', '0000-00-00 00:00:00', '', '', '', ''),
(112, 23, 7, 0, 0, '0000-00-00 00:00:00', '0000-00-00 00:00:00', '', '', '', ''),
(113, 25, 16, 0, 0, '0000-00-00 00:00:00', '0000-00-00 00:00:00', '', '', '', ''),
(114, 25, 15, 0, 0, '0000-00-00 00:00:00', '0000-00-00 00:00:00', '', '', '', ''),
(115, 25, 14, 1, 1, '2023-05-04 00:00:00', '2023-05-04 00:00:00', '', '', '', ''),
(116, 25, 13, 0, 0, '0000-00-00 00:00:00', '0000-00-00 00:00:00', '', '', '', ''),
(117, 25, 12, 0, 0, '0000-00-00 00:00:00', '0000-00-00 00:00:00', '', '', '', ''),
(118, 25, 11, 0, 0, '0000-00-00 00:00:00', '0000-00-00 00:00:00', '', '', '', ''),
(119, 19, 16, 0, 0, '0000-00-00 00:00:00', '0000-00-00 00:00:00', '', '', '', ''),
(120, 19, 15, 0, 0, '0000-00-00 00:00:00', '0000-00-00 00:00:00', '', '', '', ''),
(121, 19, 14, 0, 0, '0000-00-00 00:00:00', '0000-00-00 00:00:00', '', '', '', ''),
(122, 19, 13, 0, 0, '0000-00-00 00:00:00', '0000-00-00 00:00:00', '', '', '', ''),
(123, 19, 12, 0, 0, '0000-00-00 00:00:00', '0000-00-00 00:00:00', '', '', '', ''),
(124, 19, 10, 0, 0, '0000-00-00 00:00:00', '0000-00-00 00:00:00', '', '', '', ''),
(125, 19, 11, 0, 0, '0000-00-00 00:00:00', '0000-00-00 00:00:00', '', '', '', ''),
(126, 19, 9, 0, 0, '0000-00-00 00:00:00', '0000-00-00 00:00:00', '', '', '', ''),
(127, 19, 8, 0, 0, '0000-00-00 00:00:00', '0000-00-00 00:00:00', '', '', '', ''),
(128, 19, 7, 0, 0, '0000-00-00 00:00:00', '0000-00-00 00:00:00', '', '', '', ''),
(129, 56, 16, 0, 0, '0000-00-00 00:00:00', '0000-00-00 00:00:00', '', '', '', ''),
(130, 56, 15, 0, 0, '0000-00-00 00:00:00', '0000-00-00 00:00:00', '', '', '', ''),
(131, 56, 14, 0, 0, '0000-00-00 00:00:00', '0000-00-00 00:00:00', '', '', '', ''),
(132, 56, 13, 0, 0, '0000-00-00 00:00:00', '0000-00-00 00:00:00', '', '', '', ''),
(133, 56, 12, 0, 0, '0000-00-00 00:00:00', '0000-00-00 00:00:00', '', '', '', ''),
(134, 56, 10, 0, 0, '0000-00-00 00:00:00', '0000-00-00 00:00:00', '', '', '', ''),
(135, 56, 11, 0, 0, '0000-00-00 00:00:00', '0000-00-00 00:00:00', '', '', '', ''),
(136, 56, 9, 0, 0, '0000-00-00 00:00:00', '0000-00-00 00:00:00', '', '', '', ''),
(137, 56, 8, 0, 0, '0000-00-00 00:00:00', '0000-00-00 00:00:00', '', '', '', ''),
(138, 56, 7, 0, 0, '0000-00-00 00:00:00', '0000-00-00 00:00:00', '', '', '', ''),
(139, 14, 16, 0, 0, '0000-00-00 00:00:00', '0000-00-00 00:00:00', '', '', '', ''),
(140, 14, 15, 0, 0, '0000-00-00 00:00:00', '0000-00-00 00:00:00', '', '', '', ''),
(141, 14, 14, 0, 0, '0000-00-00 00:00:00', '0000-00-00 00:00:00', '', '', '', ''),
(142, 14, 13, 0, 0, '0000-00-00 00:00:00', '0000-00-00 00:00:00', '', '', '', ''),
(143, 14, 12, 0, 0, '0000-00-00 00:00:00', '0000-00-00 00:00:00', '', '', '', ''),
(144, 14, 10, 0, 0, '0000-00-00 00:00:00', '0000-00-00 00:00:00', '', '', '', ''),
(145, 14, 11, 0, 0, '0000-00-00 00:00:00', '0000-00-00 00:00:00', '', '', '', ''),
(146, 14, 9, 0, 0, '0000-00-00 00:00:00', '0000-00-00 00:00:00', '', '', '', ''),
(147, 14, 8, 0, 0, '0000-00-00 00:00:00', '0000-00-00 00:00:00', '', '', '', ''),
(148, 14, 7, 0, 0, '0000-00-00 00:00:00', '0000-00-00 00:00:00', '', '', '', ''),
(149, 4, 16, 0, 0, '0000-00-00 00:00:00', '0000-00-00 00:00:00', '', '', '', ''),
(150, 4, 15, 0, 0, '0000-00-00 00:00:00', '0000-00-00 00:00:00', '', '', '', ''),
(151, 4, 14, 0, 0, '0000-00-00 00:00:00', '0000-00-00 00:00:00', '', '', '', ''),
(152, 4, 13, 0, 0, '0000-00-00 00:00:00', '0000-00-00 00:00:00', '', '', '', ''),
(153, 4, 12, 0, 0, '0000-00-00 00:00:00', '0000-00-00 00:00:00', '', '', '', ''),
(154, 4, 10, 0, 0, '0000-00-00 00:00:00', '0000-00-00 00:00:00', '', '', '', ''),
(155, 4, 11, 0, 0, '0000-00-00 00:00:00', '0000-00-00 00:00:00', '', '', '', ''),
(156, 4, 9, 0, 0, '0000-00-00 00:00:00', '0000-00-00 00:00:00', '', '', '', ''),
(157, 4, 8, 0, 0, '0000-00-00 00:00:00', '0000-00-00 00:00:00', '', '', '', ''),
(158, 4, 7, 0, 0, '0000-00-00 00:00:00', '0000-00-00 00:00:00', '', '', '', ''),
(159, 52, 16, 0, 0, '0000-00-00 00:00:00', '0000-00-00 00:00:00', '', '', '', ''),
(160, 52, 15, 0, 0, '0000-00-00 00:00:00', '0000-00-00 00:00:00', '', '', '', ''),
(161, 52, 14, 0, 0, '0000-00-00 00:00:00', '0000-00-00 00:00:00', '', '', '', ''),
(162, 52, 13, 0, 0, '0000-00-00 00:00:00', '0000-00-00 00:00:00', '', '', '', ''),
(163, 52, 12, 0, 0, '0000-00-00 00:00:00', '0000-00-00 00:00:00', '', '', '', ''),
(164, 52, 10, 0, 0, '0000-00-00 00:00:00', '0000-00-00 00:00:00', '', '', '', ''),
(165, 52, 11, 0, 0, '0000-00-00 00:00:00', '0000-00-00 00:00:00', '', '', '', ''),
(166, 52, 9, 0, 0, '0000-00-00 00:00:00', '0000-00-00 00:00:00', '', '', '', ''),
(167, 52, 8, 0, 0, '0000-00-00 00:00:00', '0000-00-00 00:00:00', '', '', '', ''),
(168, 52, 7, 1, 1, '2023-03-17 00:00:00', '2023-03-17 00:00:00', '', '', '', ''),
(169, 53, 16, 0, 0, '0000-00-00 00:00:00', '0000-00-00 00:00:00', '', '', '', ''),
(170, 53, 15, 0, 0, '0000-00-00 00:00:00', '0000-00-00 00:00:00', '', '', '', ''),
(171, 53, 14, 0, 0, '0000-00-00 00:00:00', '0000-00-00 00:00:00', '', '', '', ''),
(172, 53, 13, 0, 0, '0000-00-00 00:00:00', '0000-00-00 00:00:00', '', '', '', ''),
(173, 53, 12, 0, 0, '0000-00-00 00:00:00', '0000-00-00 00:00:00', '', '', '', ''),
(174, 53, 10, 0, 0, '0000-00-00 00:00:00', '0000-00-00 00:00:00', '', '', '', ''),
(175, 53, 11, 0, 0, '0000-00-00 00:00:00', '0000-00-00 00:00:00', '', '', '', ''),
(176, 53, 9, 0, 0, '0000-00-00 00:00:00', '0000-00-00 00:00:00', '', '', '', ''),
(177, 53, 8, 0, 0, '0000-00-00 00:00:00', '0000-00-00 00:00:00', '', '', '', ''),
(178, 53, 7, 0, 0, '0000-00-00 00:00:00', '0000-00-00 00:00:00', '', '', '', ''),
(179, 26, 16, 0, 0, '0000-00-00 00:00:00', '0000-00-00 00:00:00', '', '', '', ''),
(180, 26, 15, 0, 0, '0000-00-00 00:00:00', '0000-00-00 00:00:00', '', '', '', ''),
(181, 26, 14, 0, 0, '0000-00-00 00:00:00', '0000-00-00 00:00:00', '', '', '', ''),
(182, 26, 13, 0, 0, '0000-00-00 00:00:00', '0000-00-00 00:00:00', '', '', '', ''),
(183, 26, 12, 0, 0, '0000-00-00 00:00:00', '0000-00-00 00:00:00', '', '', '', ''),
(184, 26, 10, 0, 0, '0000-00-00 00:00:00', '0000-00-00 00:00:00', '', '', '', ''),
(185, 26, 11, 0, 0, '0000-00-00 00:00:00', '0000-00-00 00:00:00', '', '', '', ''),
(186, 26, 9, 0, 0, '0000-00-00 00:00:00', '0000-00-00 00:00:00', '', '', '', ''),
(187, 26, 8, 0, 0, '0000-00-00 00:00:00', '0000-00-00 00:00:00', '', '', '', ''),
(188, 26, 7, 0, 0, '0000-00-00 00:00:00', '0000-00-00 00:00:00', '', '', '', ''),
(189, 39, 16, 0, 0, '0000-00-00 00:00:00', '0000-00-00 00:00:00', '', '', '', ''),
(190, 39, 15, 0, 0, '0000-00-00 00:00:00', '0000-00-00 00:00:00', '', '', '', ''),
(191, 46, 16, 0, 0, '0000-00-00 00:00:00', '0000-00-00 00:00:00', '', '', '', ''),
(192, 46, 15, 0, 0, '0000-00-00 00:00:00', '0000-00-00 00:00:00', '', '', '', ''),
(193, 46, 14, 0, 0, '0000-00-00 00:00:00', '0000-00-00 00:00:00', '', '', '', ''),
(194, 46, 13, 0, 0, '0000-00-00 00:00:00', '0000-00-00 00:00:00', '', '', '', ''),
(195, 46, 12, 0, 0, '0000-00-00 00:00:00', '0000-00-00 00:00:00', '', '', '', ''),
(196, 46, 10, 0, 0, '0000-00-00 00:00:00', '0000-00-00 00:00:00', '', '', '', ''),
(197, 46, 11, 0, 0, '0000-00-00 00:00:00', '0000-00-00 00:00:00', '', '', '', ''),
(198, 46, 9, 0, 0, '0000-00-00 00:00:00', '0000-00-00 00:00:00', '', '', '', ''),
(199, 46, 8, 0, 0, '0000-00-00 00:00:00', '0000-00-00 00:00:00', '', '', '', ''),
(200, 46, 7, 0, 0, '0000-00-00 00:00:00', '0000-00-00 00:00:00', '', '', '', ''),
(201, 20, 16, 0, 0, '0000-00-00 00:00:00', '0000-00-00 00:00:00', '', '', '', ''),
(202, 20, 15, 0, 0, '0000-00-00 00:00:00', '0000-00-00 00:00:00', '', '', '', ''),
(203, 20, 14, 0, 0, '0000-00-00 00:00:00', '0000-00-00 00:00:00', '', '', '', ''),
(204, 20, 13, 0, 0, '0000-00-00 00:00:00', '0000-00-00 00:00:00', '', '', '', ''),
(205, 20, 12, 0, 0, '0000-00-00 00:00:00', '0000-00-00 00:00:00', '', '', '', ''),
(206, 20, 10, 0, 0, '0000-00-00 00:00:00', '0000-00-00 00:00:00', '', '', '', ''),
(207, 20, 11, 0, 0, '0000-00-00 00:00:00', '0000-00-00 00:00:00', '', '', '', ''),
(208, 20, 9, 0, 0, '0000-00-00 00:00:00', '0000-00-00 00:00:00', '', '', '', ''),
(209, 20, 8, 0, 0, '0000-00-00 00:00:00', '0000-00-00 00:00:00', '', '', '', ''),
(210, 20, 7, 0, 0, '0000-00-00 00:00:00', '0000-00-00 00:00:00', '', '', '', ''),
(211, 26, 1, 0, 0, '0000-00-00 00:00:00', '0000-00-00 00:00:00', '', '', '', ''),
(212, 26, 2, 0, 0, '0000-00-00 00:00:00', '0000-00-00 00:00:00', '', '', '', ''),
(213, 26, 3, 0, 0, '0000-00-00 00:00:00', '0000-00-00 00:00:00', '', '', '', ''),
(214, 26, 4, 0, 0, '0000-00-00 00:00:00', '0000-00-00 00:00:00', '', '', '', ''),
(215, 26, 5, 0, 0, '0000-00-00 00:00:00', '0000-00-00 00:00:00', '', '', '', ''),
(216, 26, 6, 0, 0, '0000-00-00 00:00:00', '0000-00-00 00:00:00', '', '', '', ''),
(217, 29, 16, 0, 0, '0000-00-00 00:00:00', '0000-00-00 00:00:00', '', '', '', ''),
(218, 29, 15, 0, 0, '0000-00-00 00:00:00', '0000-00-00 00:00:00', '', '', '', ''),
(219, 29, 14, 0, 0, '0000-00-00 00:00:00', '0000-00-00 00:00:00', '', '', '', ''),
(220, 29, 13, 0, 0, '0000-00-00 00:00:00', '0000-00-00 00:00:00', '', '', '', ''),
(221, 29, 12, 0, 0, '0000-00-00 00:00:00', '0000-00-00 00:00:00', '', '', '', ''),
(222, 29, 10, 0, 0, '0000-00-00 00:00:00', '0000-00-00 00:00:00', '', '', '', ''),
(223, 29, 11, 0, 0, '0000-00-00 00:00:00', '0000-00-00 00:00:00', '', '', '', ''),
(224, 29, 9, 0, 0, '0000-00-00 00:00:00', '0000-00-00 00:00:00', '', '', '', ''),
(225, 29, 8, 0, 0, '0000-00-00 00:00:00', '0000-00-00 00:00:00', '', '', '', ''),
(226, 29, 7, 0, 0, '0000-00-00 00:00:00', '0000-00-00 00:00:00', '', '', '', ''),
(227, 32, 16, 0, 0, '0000-00-00 00:00:00', '0000-00-00 00:00:00', '', '', '', ''),
(228, 32, 15, 0, 0, '0000-00-00 00:00:00', '0000-00-00 00:00:00', '', '', '', ''),
(229, 32, 14, 0, 0, '0000-00-00 00:00:00', '0000-00-00 00:00:00', '', '', '', ''),
(230, 32, 13, 0, 0, '0000-00-00 00:00:00', '0000-00-00 00:00:00', '', '', '', ''),
(231, 32, 12, 0, 0, '0000-00-00 00:00:00', '0000-00-00 00:00:00', '', '', '', ''),
(232, 32, 10, 0, 0, '0000-00-00 00:00:00', '0000-00-00 00:00:00', '', '', '', ''),
(233, 32, 11, 0, 0, '0000-00-00 00:00:00', '0000-00-00 00:00:00', '', '', '', ''),
(234, 32, 9, 0, 0, '0000-00-00 00:00:00', '0000-00-00 00:00:00', '', '', '', ''),
(235, 32, 8, 0, 0, '0000-00-00 00:00:00', '0000-00-00 00:00:00', '', '', '', ''),
(236, 32, 7, 0, 0, '0000-00-00 00:00:00', '0000-00-00 00:00:00', '', '', '', ''),
(237, 66, 16, 0, 0, '0000-00-00 00:00:00', '0000-00-00 00:00:00', '', '', '', ''),
(238, 66, 15, 0, 0, '0000-00-00 00:00:00', '0000-00-00 00:00:00', '', '', '', ''),
(239, 66, 14, 0, 0, '0000-00-00 00:00:00', '0000-00-00 00:00:00', '', '', '', ''),
(240, 66, 13, 0, 0, '0000-00-00 00:00:00', '0000-00-00 00:00:00', '', '', '', ''),
(241, 66, 12, 0, 0, '0000-00-00 00:00:00', '0000-00-00 00:00:00', '', '', '', ''),
(242, 66, 10, 0, 0, '0000-00-00 00:00:00', '0000-00-00 00:00:00', '', '', '', ''),
(243, 66, 11, 0, 0, '0000-00-00 00:00:00', '0000-00-00 00:00:00', '', '', '', ''),
(244, 66, 9, 0, 0, '0000-00-00 00:00:00', '0000-00-00 00:00:00', '', '', '', ''),
(245, 66, 8, 0, 0, '0000-00-00 00:00:00', '0000-00-00 00:00:00', '', '', '', ''),
(246, 66, 7, 0, 0, '0000-00-00 00:00:00', '0000-00-00 00:00:00', '', '', '', ''),
(247, 55, 16, 0, 0, '0000-00-00 00:00:00', '0000-00-00 00:00:00', '', '', '', ''),
(248, 55, 15, 0, 0, '0000-00-00 00:00:00', '0000-00-00 00:00:00', '', '', '', ''),
(249, 55, 14, 0, 0, '0000-00-00 00:00:00', '0000-00-00 00:00:00', '', '', '', ''),
(250, 55, 13, 0, 0, '0000-00-00 00:00:00', '0000-00-00 00:00:00', '', '', '', ''),
(251, 55, 12, 0, 0, '0000-00-00 00:00:00', '0000-00-00 00:00:00', '', '', '', ''),
(252, 55, 10, 0, 0, '0000-00-00 00:00:00', '0000-00-00 00:00:00', '', '', '', ''),
(253, 55, 11, 0, 0, '0000-00-00 00:00:00', '0000-00-00 00:00:00', '', '', '', ''),
(254, 55, 9, 0, 0, '0000-00-00 00:00:00', '0000-00-00 00:00:00', '', '', '', ''),
(255, 55, 8, 0, 0, '0000-00-00 00:00:00', '0000-00-00 00:00:00', '', '', '', ''),
(256, 55, 7, 0, 0, '0000-00-00 00:00:00', '0000-00-00 00:00:00', '', '', '', ''),
(257, 55, 1, 0, 0, '0000-00-00 00:00:00', '0000-00-00 00:00:00', '', '', '', ''),
(258, 55, 2, 0, 0, '0000-00-00 00:00:00', '0000-00-00 00:00:00', '', '', '', ''),
(259, 55, 3, 0, 0, '0000-00-00 00:00:00', '0000-00-00 00:00:00', '', '', '', ''),
(260, 55, 4, 0, 0, '0000-00-00 00:00:00', '0000-00-00 00:00:00', '', '', '', ''),
(261, 55, 5, 0, 0, '0000-00-00 00:00:00', '0000-00-00 00:00:00', '', '', '', ''),
(262, 55, 6, 0, 0, '0000-00-00 00:00:00', '0000-00-00 00:00:00', '', '', '', ''),
(263, 32, 1, 0, 0, '0000-00-00 00:00:00', '0000-00-00 00:00:00', '', '', '', ''),
(264, 32, 2, 0, 0, '0000-00-00 00:00:00', '0000-00-00 00:00:00', '', '', '', ''),
(265, 32, 3, 0, 0, '0000-00-00 00:00:00', '0000-00-00 00:00:00', '', '', '', ''),
(266, 32, 4, 0, 0, '0000-00-00 00:00:00', '0000-00-00 00:00:00', '', '', '', ''),
(267, 32, 5, 0, 0, '0000-00-00 00:00:00', '0000-00-00 00:00:00', '', '', '', ''),
(268, 32, 6, 0, 0, '0000-00-00 00:00:00', '0000-00-00 00:00:00', '', '', '', ''),
(269, 37, 16, 0, 0, '0000-00-00 00:00:00', '0000-00-00 00:00:00', '', '', '', ''),
(270, 37, 15, 0, 0, '0000-00-00 00:00:00', '0000-00-00 00:00:00', '', '', '', ''),
(271, 37, 14, 0, 0, '0000-00-00 00:00:00', '0000-00-00 00:00:00', '', '', '', ''),
(272, 37, 13, 0, 0, '0000-00-00 00:00:00', '0000-00-00 00:00:00', '', '', '', ''),
(273, 37, 12, 0, 0, '0000-00-00 00:00:00', '0000-00-00 00:00:00', '', '', '', ''),
(274, 37, 10, 0, 0, '0000-00-00 00:00:00', '0000-00-00 00:00:00', '', '', '', ''),
(275, 37, 11, 0, 0, '0000-00-00 00:00:00', '0000-00-00 00:00:00', '', '', '', ''),
(276, 37, 9, 0, 0, '0000-00-00 00:00:00', '0000-00-00 00:00:00', '', '', '', ''),
(277, 37, 8, 0, 0, '0000-00-00 00:00:00', '0000-00-00 00:00:00', '', '', '', ''),
(278, 37, 7, 0, 0, '0000-00-00 00:00:00', '0000-00-00 00:00:00', '', '', '', ''),
(279, 8, 16, 0, 0, '0000-00-00 00:00:00', '0000-00-00 00:00:00', '', '', '', ''),
(280, 8, 15, 0, 0, '0000-00-00 00:00:00', '0000-00-00 00:00:00', '', '', '', ''),
(281, 8, 14, 1, 1, '2023-03-30 00:00:00', '2023-03-30 00:00:00', '', '', '', ''),
(282, 8, 13, 1, 2, '2024-02-14 00:00:00', '2024-02-14 00:00:00', '', '', '', ''),
(283, 8, 12, 1, 2, '2024-02-14 00:00:00', '2024-02-14 00:00:00', '', '', '', ''),
(284, 8, 10, 1, 1, '2023-03-30 00:00:00', '2023-03-30 00:00:00', '', '', '', ''),
(285, 8, 11, 1, 1, '2023-03-30 00:00:00', '2023-03-30 00:00:00', '', '', '', ''),
(286, 8, 9, 1, 1, '2023-03-30 00:00:00', '2023-03-30 00:00:00', '', '', '', ''),
(287, 35, 16, 0, 0, '0000-00-00 00:00:00', '0000-00-00 00:00:00', '', '', '', ''),
(288, 35, 15, 0, 0, '0000-00-00 00:00:00', '0000-00-00 00:00:00', '', '', '', ''),
(289, 35, 14, 0, 0, '0000-00-00 00:00:00', '0000-00-00 00:00:00', '', '', '', ''),
(290, 35, 13, 0, 0, '0000-00-00 00:00:00', '0000-00-00 00:00:00', '', '', '', ''),
(291, 35, 12, 0, 0, '0000-00-00 00:00:00', '0000-00-00 00:00:00', '', '', '', ''),
(292, 35, 10, 0, 0, '0000-00-00 00:00:00', '0000-00-00 00:00:00', '', '', '', ''),
(293, 35, 11, 0, 0, '0000-00-00 00:00:00', '0000-00-00 00:00:00', '', '', '', ''),
(294, 35, 9, 0, 0, '0000-00-00 00:00:00', '0000-00-00 00:00:00', '', '', '', ''),
(295, 35, 8, 0, 0, '0000-00-00 00:00:00', '0000-00-00 00:00:00', '', '', '', ''),
(296, 35, 7, 0, 0, '0000-00-00 00:00:00', '0000-00-00 00:00:00', '', '', '', ''),
(297, 47, 16, 0, 0, '0000-00-00 00:00:00', '0000-00-00 00:00:00', '', '', '', ''),
(298, 47, 15, 0, 0, '0000-00-00 00:00:00', '0000-00-00 00:00:00', '', '', '', ''),
(299, 47, 14, 0, 0, '0000-00-00 00:00:00', '0000-00-00 00:00:00', '', '', '', ''),
(300, 47, 13, 0, 0, '0000-00-00 00:00:00', '0000-00-00 00:00:00', '', '', '', ''),
(301, 47, 12, 0, 0, '0000-00-00 00:00:00', '0000-00-00 00:00:00', '', '', '', ''),
(302, 47, 10, 0, 0, '0000-00-00 00:00:00', '0000-00-00 00:00:00', '', '', '', ''),
(303, 47, 11, 0, 0, '0000-00-00 00:00:00', '0000-00-00 00:00:00', '', '', '', ''),
(304, 47, 9, 0, 0, '0000-00-00 00:00:00', '0000-00-00 00:00:00', '', '', '', ''),
(305, 47, 8, 0, 0, '0000-00-00 00:00:00', '0000-00-00 00:00:00', '', '', '', ''),
(306, 47, 7, 0, 0, '0000-00-00 00:00:00', '0000-00-00 00:00:00', '', '', '', ''),
(307, 21, 16, 0, 0, '0000-00-00 00:00:00', '0000-00-00 00:00:00', '', '', '', ''),
(308, 21, 15, 0, 0, '0000-00-00 00:00:00', '0000-00-00 00:00:00', '', '', '', ''),
(309, 21, 14, 0, 0, '0000-00-00 00:00:00', '0000-00-00 00:00:00', '', '', '', ''),
(310, 21, 13, 0, 0, '0000-00-00 00:00:00', '0000-00-00 00:00:00', '', '', '', ''),
(311, 21, 12, 0, 0, '0000-00-00 00:00:00', '0000-00-00 00:00:00', '', '', '', ''),
(312, 21, 10, 0, 0, '0000-00-00 00:00:00', '0000-00-00 00:00:00', '', '', '', ''),
(313, 21, 11, 0, 0, '0000-00-00 00:00:00', '0000-00-00 00:00:00', '', '', '', ''),
(314, 21, 9, 0, 0, '0000-00-00 00:00:00', '0000-00-00 00:00:00', '', '', '', ''),
(315, 21, 8, 0, 0, '0000-00-00 00:00:00', '0000-00-00 00:00:00', '', '', '', ''),
(316, 21, 7, 0, 0, '0000-00-00 00:00:00', '0000-00-00 00:00:00', '', '', '', ''),
(317, 15, 16, 0, 0, '0000-00-00 00:00:00', '0000-00-00 00:00:00', '', '', '', ''),
(318, 15, 15, 0, 0, '0000-00-00 00:00:00', '0000-00-00 00:00:00', '', '', '', ''),
(319, 15, 14, 0, 0, '0000-00-00 00:00:00', '0000-00-00 00:00:00', '', '', '', ''),
(320, 15, 13, 0, 0, '0000-00-00 00:00:00', '0000-00-00 00:00:00', '', '', '', ''),
(321, 15, 12, 0, 0, '0000-00-00 00:00:00', '0000-00-00 00:00:00', '', '', '', ''),
(322, 15, 10, 0, 0, '0000-00-00 00:00:00', '0000-00-00 00:00:00', '', '', '', ''),
(323, 15, 11, 0, 0, '0000-00-00 00:00:00', '0000-00-00 00:00:00', '', '', '', ''),
(324, 15, 9, 0, 0, '0000-00-00 00:00:00', '0000-00-00 00:00:00', '', '', '', ''),
(325, 15, 8, 0, 0, '0000-00-00 00:00:00', '0000-00-00 00:00:00', '', '', '', ''),
(326, 15, 7, 0, 0, '0000-00-00 00:00:00', '0000-00-00 00:00:00', '', '', '', ''),
(327, 34, 16, 1, 2, '2023-04-07 00:00:00', '2023-04-07 00:00:00', '', '', '', ''),
(328, 34, 15, 0, 0, '0000-00-00 00:00:00', '0000-00-00 00:00:00', '', '', '', ''),
(329, 34, 14, 0, 0, '0000-00-00 00:00:00', '0000-00-00 00:00:00', '', '', '', ''),
(330, 34, 13, 0, 0, '0000-00-00 00:00:00', '0000-00-00 00:00:00', '', '', '', ''),
(331, 34, 12, 0, 0, '0000-00-00 00:00:00', '0000-00-00 00:00:00', '', '', '', ''),
(332, 34, 10, 0, 0, '0000-00-00 00:00:00', '0000-00-00 00:00:00', '', '', '', ''),
(333, 34, 11, 0, 0, '0000-00-00 00:00:00', '0000-00-00 00:00:00', '', '', '', ''),
(334, 34, 9, 0, 0, '0000-00-00 00:00:00', '0000-00-00 00:00:00', '', '', '', ''),
(335, 34, 8, 0, 0, '0000-00-00 00:00:00', '0000-00-00 00:00:00', '', '', '', ''),
(336, 34, 7, 0, 0, '0000-00-00 00:00:00', '0000-00-00 00:00:00', '', '', '', ''),
(337, 18, 16, 0, 0, '0000-00-00 00:00:00', '0000-00-00 00:00:00', '', '', '', ''),
(338, 18, 15, 0, 0, '0000-00-00 00:00:00', '0000-00-00 00:00:00', '', '', '', ''),
(339, 18, 14, 0, 0, '0000-00-00 00:00:00', '0000-00-00 00:00:00', '', '', '', ''),
(340, 18, 13, 0, 0, '0000-00-00 00:00:00', '0000-00-00 00:00:00', '', '', '', ''),
(341, 18, 12, 0, 0, '0000-00-00 00:00:00', '0000-00-00 00:00:00', '', '', '', ''),
(342, 18, 10, 0, 0, '0000-00-00 00:00:00', '0000-00-00 00:00:00', '', '', '', ''),
(343, 18, 11, 0, 0, '0000-00-00 00:00:00', '0000-00-00 00:00:00', '', '', '', ''),
(344, 18, 9, 0, 0, '0000-00-00 00:00:00', '0000-00-00 00:00:00', '', '', '', ''),
(345, 18, 8, 0, 0, '0000-00-00 00:00:00', '0000-00-00 00:00:00', '', '', '', ''),
(346, 18, 7, 0, 0, '0000-00-00 00:00:00', '0000-00-00 00:00:00', '', '', '', ''),
(347, 18, 1, 0, 0, '0000-00-00 00:00:00', '0000-00-00 00:00:00', '', '', '', ''),
(348, 18, 2, 0, 0, '0000-00-00 00:00:00', '0000-00-00 00:00:00', '', '', '', ''),
(349, 18, 3, 0, 0, '0000-00-00 00:00:00', '0000-00-00 00:00:00', '', '', '', ''),
(350, 18, 4, 0, 0, '0000-00-00 00:00:00', '0000-00-00 00:00:00', '', '', '', ''),
(351, 18, 5, 0, 0, '0000-00-00 00:00:00', '0000-00-00 00:00:00', '', '', '', ''),
(352, 18, 6, 0, 0, '0000-00-00 00:00:00', '0000-00-00 00:00:00', '', '', '', ''),
(353, 10, 16, 0, 0, '0000-00-00 00:00:00', '0000-00-00 00:00:00', '', '', '', ''),
(354, 10, 15, 0, 0, '0000-00-00 00:00:00', '0000-00-00 00:00:00', '', '', '', ''),
(355, 10, 14, 0, 0, '0000-00-00 00:00:00', '0000-00-00 00:00:00', '', '', '', ''),
(356, 10, 13, 0, 0, '0000-00-00 00:00:00', '0000-00-00 00:00:00', '', '', '', ''),
(357, 10, 12, 0, 0, '0000-00-00 00:00:00', '0000-00-00 00:00:00', '', '', '', ''),
(358, 10, 10, 0, 0, '0000-00-00 00:00:00', '0000-00-00 00:00:00', '', '', '', ''),
(359, 10, 11, 0, 0, '0000-00-00 00:00:00', '0000-00-00 00:00:00', '', '', '', ''),
(360, 10, 9, 0, 0, '0000-00-00 00:00:00', '0000-00-00 00:00:00', '', '', '', ''),
(361, 10, 8, 0, 0, '0000-00-00 00:00:00', '0000-00-00 00:00:00', '', '', '', ''),
(362, 10, 7, 0, 0, '0000-00-00 00:00:00', '0000-00-00 00:00:00', '', '', '', ''),
(363, 9, 16, 0, 0, '0000-00-00 00:00:00', '0000-00-00 00:00:00', '', '', '', ''),
(364, 9, 15, 0, 0, '0000-00-00 00:00:00', '0000-00-00 00:00:00', '', '', '', ''),
(365, 9, 14, 0, 0, '0000-00-00 00:00:00', '0000-00-00 00:00:00', '', '', '', ''),
(366, 9, 13, 0, 0, '0000-00-00 00:00:00', '0000-00-00 00:00:00', '', '', '', ''),
(367, 9, 12, 0, 0, '0000-00-00 00:00:00', '0000-00-00 00:00:00', '', '', '', ''),
(368, 9, 10, 0, 0, '0000-00-00 00:00:00', '0000-00-00 00:00:00', '', '', '', ''),
(369, 9, 11, 0, 0, '0000-00-00 00:00:00', '0000-00-00 00:00:00', '', '', '', ''),
(370, 9, 9, 0, 0, '0000-00-00 00:00:00', '0000-00-00 00:00:00', '', '', '', ''),
(371, 9, 8, 0, 0, '0000-00-00 00:00:00', '0000-00-00 00:00:00', '', '', '', ''),
(372, 9, 7, 0, 0, '0000-00-00 00:00:00', '0000-00-00 00:00:00', '', '', '', ''),
(373, 68, 16, 0, 0, '0000-00-00 00:00:00', '0000-00-00 00:00:00', '', '', '', ''),
(374, 68, 15, 0, 0, '0000-00-00 00:00:00', '0000-00-00 00:00:00', '', '', '', ''),
(375, 68, 14, 0, 0, '0000-00-00 00:00:00', '0000-00-00 00:00:00', '', '', '', ''),
(376, 68, 13, 0, 0, '0000-00-00 00:00:00', '0000-00-00 00:00:00', '', '', '', ''),
(377, 68, 12, 0, 0, '0000-00-00 00:00:00', '0000-00-00 00:00:00', '', '', '', ''),
(378, 68, 10, 0, 0, '0000-00-00 00:00:00', '0000-00-00 00:00:00', '', '', '', ''),
(379, 68, 11, 0, 0, '0000-00-00 00:00:00', '0000-00-00 00:00:00', '', '', '', ''),
(380, 68, 9, 0, 0, '0000-00-00 00:00:00', '0000-00-00 00:00:00', '', '', '', ''),
(381, 68, 8, 0, 0, '0000-00-00 00:00:00', '0000-00-00 00:00:00', '', '', '', ''),
(382, 68, 7, 0, 0, '0000-00-00 00:00:00', '0000-00-00 00:00:00', '', '', '', ''),
(383, 45, 16, 0, 0, '0000-00-00 00:00:00', '0000-00-00 00:00:00', '', '', '', ''),
(384, 45, 15, 0, 0, '0000-00-00 00:00:00', '0000-00-00 00:00:00', '', '', '', ''),
(385, 45, 14, 0, 0, '0000-00-00 00:00:00', '0000-00-00 00:00:00', '', '', '', ''),
(386, 45, 13, 0, 0, '0000-00-00 00:00:00', '0000-00-00 00:00:00', '', '', '', ''),
(387, 45, 12, 0, 0, '0000-00-00 00:00:00', '0000-00-00 00:00:00', '', '', '', ''),
(388, 45, 10, 0, 0, '0000-00-00 00:00:00', '0000-00-00 00:00:00', '', '', '', ''),
(389, 45, 11, 0, 0, '0000-00-00 00:00:00', '0000-00-00 00:00:00', '', '', '', ''),
(390, 45, 9, 0, 0, '0000-00-00 00:00:00', '0000-00-00 00:00:00', '', '', '', ''),
(391, 45, 8, 0, 0, '0000-00-00 00:00:00', '0000-00-00 00:00:00', '', '', '', ''),
(392, 45, 7, 0, 0, '0000-00-00 00:00:00', '0000-00-00 00:00:00', '', '', '', ''),
(393, 45, 1, 0, 0, '0000-00-00 00:00:00', '0000-00-00 00:00:00', '', '', '', ''),
(394, 45, 2, 0, 0, '0000-00-00 00:00:00', '0000-00-00 00:00:00', '', '', '', ''),
(395, 45, 3, 0, 0, '0000-00-00 00:00:00', '0000-00-00 00:00:00', '', '', '', ''),
(396, 45, 4, 0, 0, '0000-00-00 00:00:00', '0000-00-00 00:00:00', '', '', '', ''),
(397, 45, 5, 0, 0, '0000-00-00 00:00:00', '0000-00-00 00:00:00', '', '', '', ''),
(398, 45, 6, 0, 0, '0000-00-00 00:00:00', '0000-00-00 00:00:00', '', '', '', ''),
(399, 52, 1, 0, 0, '0000-00-00 00:00:00', '0000-00-00 00:00:00', '', '', '', ''),
(400, 52, 2, 0, 0, '0000-00-00 00:00:00', '0000-00-00 00:00:00', '', '', '', ''),
(401, 52, 3, 0, 0, '0000-00-00 00:00:00', '0000-00-00 00:00:00', '', '', '', ''),
(402, 52, 4, 0, 0, '0000-00-00 00:00:00', '0000-00-00 00:00:00', '', '', '', ''),
(403, 52, 5, 0, 0, '0000-00-00 00:00:00', '0000-00-00 00:00:00', '', '', '', ''),
(404, 52, 6, 0, 0, '0000-00-00 00:00:00', '0000-00-00 00:00:00', '', '', '', ''),
(405, 54, 16, 0, 0, '0000-00-00 00:00:00', '0000-00-00 00:00:00', '', '', '', ''),
(406, 54, 15, 0, 0, '0000-00-00 00:00:00', '0000-00-00 00:00:00', '', '', '', ''),
(407, 54, 14, 0, 0, '0000-00-00 00:00:00', '0000-00-00 00:00:00', '', '', '', ''),
(408, 54, 13, 0, 0, '0000-00-00 00:00:00', '0000-00-00 00:00:00', '', '', '', ''),
(409, 54, 12, 0, 0, '0000-00-00 00:00:00', '0000-00-00 00:00:00', '', '', '', ''),
(410, 54, 10, 0, 0, '0000-00-00 00:00:00', '0000-00-00 00:00:00', '', '', '', ''),
(411, 54, 11, 0, 0, '0000-00-00 00:00:00', '0000-00-00 00:00:00', '', '', '', ''),
(412, 54, 9, 0, 0, '0000-00-00 00:00:00', '0000-00-00 00:00:00', '', '', '', ''),
(413, 54, 8, 0, 0, '0000-00-00 00:00:00', '0000-00-00 00:00:00', '', '', '', ''),
(414, 54, 7, 0, 0, '0000-00-00 00:00:00', '0000-00-00 00:00:00', '', '', '', ''),
(415, 12, 16, 0, 0, '0000-00-00 00:00:00', '0000-00-00 00:00:00', '', '', '', ''),
(416, 12, 15, 0, 0, '0000-00-00 00:00:00', '0000-00-00 00:00:00', '', '', '', ''),
(417, 12, 14, 0, 0, '0000-00-00 00:00:00', '0000-00-00 00:00:00', '', '', '', ''),
(418, 12, 13, 0, 0, '0000-00-00 00:00:00', '0000-00-00 00:00:00', '', '', '', ''),
(419, 12, 12, 0, 0, '0000-00-00 00:00:00', '0000-00-00 00:00:00', '', '', '', ''),
(420, 12, 10, 0, 0, '0000-00-00 00:00:00', '0000-00-00 00:00:00', '', '', '', ''),
(421, 12, 11, 0, 0, '0000-00-00 00:00:00', '0000-00-00 00:00:00', '', '', '', ''),
(422, 12, 9, 0, 0, '0000-00-00 00:00:00', '0000-00-00 00:00:00', '', '', '', ''),
(423, 12, 8, 0, 0, '0000-00-00 00:00:00', '0000-00-00 00:00:00', '', '', '', ''),
(424, 12, 7, 0, 0, '0000-00-00 00:00:00', '0000-00-00 00:00:00', '', '', '', ''),
(425, 13, 17, 0, 0, '0000-00-00 00:00:00', '0000-00-00 00:00:00', '', '', '', ''),
(426, 69, 17, 0, 0, '0000-00-00 00:00:00', '0000-00-00 00:00:00', '', '', '', ''),
(427, 69, 16, 0, 0, '0000-00-00 00:00:00', '0000-00-00 00:00:00', '', '', '', ''),
(428, 69, 15, 0, 0, '0000-00-00 00:00:00', '0000-00-00 00:00:00', '', '', '', ''),
(429, 69, 14, 0, 0, '0000-00-00 00:00:00', '0000-00-00 00:00:00', '', '', '', ''),
(430, 69, 13, 0, 0, '0000-00-00 00:00:00', '0000-00-00 00:00:00', '', '', '', ''),
(431, 69, 12, 0, 0, '0000-00-00 00:00:00', '0000-00-00 00:00:00', '', '', '', ''),
(432, 69, 10, 0, 0, '0000-00-00 00:00:00', '0000-00-00 00:00:00', '', '', '', ''),
(433, 69, 11, 0, 0, '0000-00-00 00:00:00', '0000-00-00 00:00:00', '', '', '', ''),
(434, 69, 9, 0, 0, '0000-00-00 00:00:00', '0000-00-00 00:00:00', '', '', '', ''),
(435, 69, 8, 0, 0, '0000-00-00 00:00:00', '0000-00-00 00:00:00', '', '', '', ''),
(436, 52, 17, 0, 0, '0000-00-00 00:00:00', '0000-00-00 00:00:00', '', '', '', ''),
(437, 31, 17, 0, 0, '0000-00-00 00:00:00', '0000-00-00 00:00:00', '', '', '', ''),
(438, 31, 16, 0, 0, '0000-00-00 00:00:00', '0000-00-00 00:00:00', '', '', '', ''),
(439, 31, 15, 0, 0, '0000-00-00 00:00:00', '0000-00-00 00:00:00', '', '', '', ''),
(440, 31, 14, 0, 0, '0000-00-00 00:00:00', '0000-00-00 00:00:00', '', '', '', ''),
(441, 31, 13, 0, 0, '0000-00-00 00:00:00', '0000-00-00 00:00:00', '', '', '', ''),
(442, 31, 12, 0, 0, '0000-00-00 00:00:00', '0000-00-00 00:00:00', '', '', '', ''),
(443, 31, 10, 0, 0, '0000-00-00 00:00:00', '0000-00-00 00:00:00', '', '', '', ''),
(444, 31, 11, 0, 0, '0000-00-00 00:00:00', '0000-00-00 00:00:00', '', '', '', ''),
(445, 31, 9, 0, 0, '0000-00-00 00:00:00', '0000-00-00 00:00:00', '', '', '', ''),
(446, 31, 8, 0, 0, '0000-00-00 00:00:00', '0000-00-00 00:00:00', '', '', '', ''),
(447, 10, 17, 0, 0, '0000-00-00 00:00:00', '0000-00-00 00:00:00', '', '', '', ''),
(448, 28, 17, 0, 0, '0000-00-00 00:00:00', '0000-00-00 00:00:00', '', '', '', ''),
(449, 19, 17, 0, 0, '0000-00-00 00:00:00', '0000-00-00 00:00:00', '', '', '', ''),
(450, 7, 17, 0, 0, '0000-00-00 00:00:00', '0000-00-00 00:00:00', '', '', '', ''),
(451, 7, 16, 0, 0, '0000-00-00 00:00:00', '0000-00-00 00:00:00', '', '', '', ''),
(452, 7, 15, 0, 0, '0000-00-00 00:00:00', '0000-00-00 00:00:00', '', '', '', ''),
(453, 7, 14, 0, 0, '0000-00-00 00:00:00', '0000-00-00 00:00:00', '', '', '', ''),
(454, 7, 13, 0, 0, '0000-00-00 00:00:00', '0000-00-00 00:00:00', '', '', '', ''),
(455, 7, 12, 0, 0, '0000-00-00 00:00:00', '0000-00-00 00:00:00', '', '', '', ''),
(456, 7, 10, 0, 0, '0000-00-00 00:00:00', '0000-00-00 00:00:00', '', '', '', ''),
(457, 7, 11, 0, 0, '0000-00-00 00:00:00', '0000-00-00 00:00:00', '', '', '', ''),
(458, 7, 9, 0, 0, '0000-00-00 00:00:00', '0000-00-00 00:00:00', '', '', '', ''),
(459, 7, 8, 0, 0, '0000-00-00 00:00:00', '0000-00-00 00:00:00', '', '', '', ''),
(460, 34, 17, 1, 1, '2023-04-07 00:00:00', '2023-04-07 00:00:00', '', '', '', ''),
(461, 53, 17, 0, 0, '0000-00-00 00:00:00', '0000-00-00 00:00:00', '', '', '', ''),
(462, 27, 17, 0, 0, '0000-00-00 00:00:00', '0000-00-00 00:00:00', '', '', '', ''),
(463, 27, 16, 0, 0, '0000-00-00 00:00:00', '0000-00-00 00:00:00', '', '', '', ''),
(464, 27, 15, 0, 0, '0000-00-00 00:00:00', '0000-00-00 00:00:00', '', '', '', ''),
(465, 27, 14, 0, 0, '0000-00-00 00:00:00', '0000-00-00 00:00:00', '', '', '', ''),
(466, 27, 13, 0, 0, '0000-00-00 00:00:00', '0000-00-00 00:00:00', '', '', '', ''),
(467, 27, 12, 0, 0, '0000-00-00 00:00:00', '0000-00-00 00:00:00', '', '', '', ''),
(468, 27, 10, 0, 0, '0000-00-00 00:00:00', '0000-00-00 00:00:00', '', '', '', ''),
(469, 27, 11, 0, 0, '0000-00-00 00:00:00', '0000-00-00 00:00:00', '', '', '', ''),
(470, 27, 9, 0, 0, '0000-00-00 00:00:00', '0000-00-00 00:00:00', '', '', '', ''),
(471, 27, 8, 0, 0, '0000-00-00 00:00:00', '0000-00-00 00:00:00', '', '', '', ''),
(472, 73, 17, 0, 0, '0000-00-00 00:00:00', '0000-00-00 00:00:00', '', '', '', ''),
(473, 73, 16, 0, 0, '0000-00-00 00:00:00', '0000-00-00 00:00:00', '', '', '', ''),
(474, 73, 15, 0, 0, '0000-00-00 00:00:00', '0000-00-00 00:00:00', '', '', '', ''),
(475, 73, 14, 0, 0, '0000-00-00 00:00:00', '0000-00-00 00:00:00', '', '', '', ''),
(476, 73, 13, 0, 0, '0000-00-00 00:00:00', '0000-00-00 00:00:00', '', '', '', ''),
(477, 73, 12, 0, 0, '0000-00-00 00:00:00', '0000-00-00 00:00:00', '', '', '', ''),
(478, 73, 10, 0, 0, '0000-00-00 00:00:00', '0000-00-00 00:00:00', '', '', '', ''),
(479, 73, 11, 0, 0, '0000-00-00 00:00:00', '0000-00-00 00:00:00', '', '', '', ''),
(480, 73, 9, 0, 0, '0000-00-00 00:00:00', '0000-00-00 00:00:00', '', '', '', ''),
(481, 73, 8, 0, 0, '0000-00-00 00:00:00', '0000-00-00 00:00:00', '', '', '', ''),
(482, 67, 17, 0, 0, '0000-00-00 00:00:00', '0000-00-00 00:00:00', '', '', '', ''),
(483, 67, 16, 0, 0, '0000-00-00 00:00:00', '0000-00-00 00:00:00', '', '', '', ''),
(484, 67, 15, 0, 0, '0000-00-00 00:00:00', '0000-00-00 00:00:00', '', '', '', ''),
(485, 67, 14, 0, 0, '0000-00-00 00:00:00', '0000-00-00 00:00:00', '', '', '', ''),
(486, 67, 13, 0, 0, '0000-00-00 00:00:00', '0000-00-00 00:00:00', '', '', '', ''),
(487, 67, 12, 0, 0, '0000-00-00 00:00:00', '0000-00-00 00:00:00', '', '', '', ''),
(488, 67, 10, 0, 0, '0000-00-00 00:00:00', '0000-00-00 00:00:00', '', '', '', ''),
(489, 67, 11, 0, 0, '0000-00-00 00:00:00', '0000-00-00 00:00:00', '', '', '', ''),
(490, 67, 9, 0, 0, '0000-00-00 00:00:00', '0000-00-00 00:00:00', '', '', '', ''),
(491, 67, 8, 0, 0, '0000-00-00 00:00:00', '0000-00-00 00:00:00', '', '', '', ''),
(492, 46, 17, 0, 0, '0000-00-00 00:00:00', '0000-00-00 00:00:00', '', '', '', ''),
(493, 5, 17, 0, 0, '0000-00-00 00:00:00', '0000-00-00 00:00:00', '', '', '', ''),
(494, 20, 17, 0, 0, '0000-00-00 00:00:00', '0000-00-00 00:00:00', '', '', '', ''),
(495, 9, 17, 0, 0, '0000-00-00 00:00:00', '0000-00-00 00:00:00', '', '', '', ''),
(496, 50, 17, 0, 0, '0000-00-00 00:00:00', '0000-00-00 00:00:00', '', '', '', ''),
(497, 50, 16, 0, 0, '0000-00-00 00:00:00', '0000-00-00 00:00:00', '', '', '', ''),
(498, 50, 15, 0, 0, '0000-00-00 00:00:00', '0000-00-00 00:00:00', '', '', '', ''),
(499, 50, 14, 0, 0, '0000-00-00 00:00:00', '0000-00-00 00:00:00', '', '', '', ''),
(500, 50, 13, 0, 0, '0000-00-00 00:00:00', '0000-00-00 00:00:00', '', '', '', ''),
(501, 50, 12, 0, 0, '0000-00-00 00:00:00', '0000-00-00 00:00:00', '', '', '', ''),
(502, 50, 10, 0, 0, '0000-00-00 00:00:00', '0000-00-00 00:00:00', '', '', '', ''),
(503, 50, 11, 0, 0, '0000-00-00 00:00:00', '0000-00-00 00:00:00', '', '', '', ''),
(504, 50, 9, 0, 0, '0000-00-00 00:00:00', '0000-00-00 00:00:00', '', '', '', ''),
(505, 50, 8, 0, 0, '0000-00-00 00:00:00', '0000-00-00 00:00:00', '', '', '', ''),
(506, 50, 7, 0, 0, '0000-00-00 00:00:00', '0000-00-00 00:00:00', '', '', '', ''),
(507, 50, 1, 0, 0, '0000-00-00 00:00:00', '0000-00-00 00:00:00', '', '', '', ''),
(508, 50, 2, 0, 0, '0000-00-00 00:00:00', '0000-00-00 00:00:00', '', '', '', ''),
(509, 50, 3, 0, 0, '0000-00-00 00:00:00', '0000-00-00 00:00:00', '', '', '', ''),
(510, 50, 4, 0, 0, '0000-00-00 00:00:00', '0000-00-00 00:00:00', '', '', '', ''),
(511, 50, 5, 0, 0, '0000-00-00 00:00:00', '0000-00-00 00:00:00', '', '', '', ''),
(512, 50, 6, 0, 0, '0000-00-00 00:00:00', '0000-00-00 00:00:00', '', '', '', ''),
(513, 66, 17, 0, 0, '0000-00-00 00:00:00', '0000-00-00 00:00:00', '', '', '', ''),
(514, 70, 17, 0, 0, '0000-00-00 00:00:00', '0000-00-00 00:00:00', '', '', '', ''),
(515, 70, 16, 0, 0, '0000-00-00 00:00:00', '0000-00-00 00:00:00', '', '', '', ''),
(516, 70, 15, 0, 0, '0000-00-00 00:00:00', '0000-00-00 00:00:00', '', '', '', ''),
(517, 70, 14, 0, 0, '0000-00-00 00:00:00', '0000-00-00 00:00:00', '', '', '', ''),
(518, 70, 13, 0, 0, '0000-00-00 00:00:00', '0000-00-00 00:00:00', '', '', '', ''),
(519, 70, 12, 0, 0, '0000-00-00 00:00:00', '0000-00-00 00:00:00', '', '', '', ''),
(520, 70, 10, 0, 0, '0000-00-00 00:00:00', '0000-00-00 00:00:00', '', '', '', ''),
(521, 70, 11, 0, 0, '0000-00-00 00:00:00', '0000-00-00 00:00:00', '', '', '', ''),
(522, 70, 9, 0, 0, '0000-00-00 00:00:00', '0000-00-00 00:00:00', '', '', '', ''),
(523, 70, 8, 0, 0, '0000-00-00 00:00:00', '0000-00-00 00:00:00', '', '', '', ''),
(524, 21, 17, 0, 0, '0000-00-00 00:00:00', '0000-00-00 00:00:00', '', '', '', ''),
(525, 26, 17, 0, 0, '0000-00-00 00:00:00', '0000-00-00 00:00:00', '', '', '', ''),
(526, 16, 17, 0, 0, '0000-00-00 00:00:00', '0000-00-00 00:00:00', '', '', '', ''),
(527, 16, 16, 0, 0, '0000-00-00 00:00:00', '0000-00-00 00:00:00', '', '', '', ''),
(528, 16, 15, 0, 0, '0000-00-00 00:00:00', '0000-00-00 00:00:00', '', '', '', ''),
(529, 16, 14, 0, 0, '0000-00-00 00:00:00', '0000-00-00 00:00:00', '', '', '', ''),
(530, 16, 13, 0, 0, '0000-00-00 00:00:00', '0000-00-00 00:00:00', '', '', '', ''),
(531, 16, 12, 0, 0, '0000-00-00 00:00:00', '0000-00-00 00:00:00', '', '', '', ''),
(532, 16, 10, 0, 0, '0000-00-00 00:00:00', '0000-00-00 00:00:00', '', '', '', ''),
(533, 16, 11, 0, 0, '0000-00-00 00:00:00', '0000-00-00 00:00:00', '', '', '', ''),
(534, 16, 9, 0, 0, '0000-00-00 00:00:00', '0000-00-00 00:00:00', '', '', '', ''),
(535, 16, 8, 0, 0, '0000-00-00 00:00:00', '0000-00-00 00:00:00', '', '', '', ''),
(536, 35, 17, 0, 0, '0000-00-00 00:00:00', '0000-00-00 00:00:00', '', '', '', ''),
(537, 14, 17, 0, 0, '0000-00-00 00:00:00', '0000-00-00 00:00:00', '', '', '', ''),
(538, 76, 17, 0, 0, '0000-00-00 00:00:00', '0000-00-00 00:00:00', '', '', '', ''),
(539, 76, 16, 0, 0, '0000-00-00 00:00:00', '0000-00-00 00:00:00', '', '', '', ''),
(540, 76, 15, 0, 0, '0000-00-00 00:00:00', '0000-00-00 00:00:00', '', '', '', ''),
(541, 76, 14, 0, 0, '0000-00-00 00:00:00', '0000-00-00 00:00:00', '', '', '', ''),
(542, 76, 13, 0, 0, '0000-00-00 00:00:00', '0000-00-00 00:00:00', '', '', '', ''),
(543, 76, 12, 0, 0, '0000-00-00 00:00:00', '0000-00-00 00:00:00', '', '', '', ''),
(544, 76, 10, 0, 0, '0000-00-00 00:00:00', '0000-00-00 00:00:00', '', '', '', ''),
(545, 76, 11, 0, 0, '0000-00-00 00:00:00', '0000-00-00 00:00:00', '', '', '', ''),
(546, 76, 9, 0, 0, '0000-00-00 00:00:00', '0000-00-00 00:00:00', '', '', '', ''),
(547, 76, 8, 0, 0, '0000-00-00 00:00:00', '0000-00-00 00:00:00', '', '', '', ''),
(548, 11, 17, 0, 0, '0000-00-00 00:00:00', '0000-00-00 00:00:00', '', '', '', ''),
(549, 11, 16, 0, 0, '0000-00-00 00:00:00', '0000-00-00 00:00:00', '', '', '', ''),
(550, 11, 15, 0, 0, '0000-00-00 00:00:00', '0000-00-00 00:00:00', '', '', '', ''),
(551, 11, 14, 0, 0, '0000-00-00 00:00:00', '0000-00-00 00:00:00', '', '', '', ''),
(552, 11, 13, 0, 0, '0000-00-00 00:00:00', '0000-00-00 00:00:00', '', '', '', ''),
(553, 11, 12, 0, 0, '0000-00-00 00:00:00', '0000-00-00 00:00:00', '', '', '', ''),
(554, 11, 10, 0, 0, '0000-00-00 00:00:00', '0000-00-00 00:00:00', '', '', '', ''),
(555, 11, 11, 0, 0, '0000-00-00 00:00:00', '0000-00-00 00:00:00', '', '', '', ''),
(556, 11, 9, 0, 0, '0000-00-00 00:00:00', '0000-00-00 00:00:00', '', '', '', ''),
(557, 11, 8, 0, 0, '0000-00-00 00:00:00', '0000-00-00 00:00:00', '', '', '', ''),
(558, 25, 17, 0, 0, '0000-00-00 00:00:00', '0000-00-00 00:00:00', '', '', '', ''),
(559, 75, 17, 0, 0, '0000-00-00 00:00:00', '0000-00-00 00:00:00', '', '', '', ''),
(560, 75, 16, 0, 0, '0000-00-00 00:00:00', '0000-00-00 00:00:00', '', '', '', ''),
(561, 75, 15, 0, 0, '0000-00-00 00:00:00', '0000-00-00 00:00:00', '', '', '', ''),
(562, 75, 14, 0, 0, '0000-00-00 00:00:00', '0000-00-00 00:00:00', '', '', '', ''),
(563, 75, 13, 0, 0, '0000-00-00 00:00:00', '0000-00-00 00:00:00', '', '', '', ''),
(564, 75, 12, 0, 0, '0000-00-00 00:00:00', '0000-00-00 00:00:00', '', '', '', ''),
(565, 75, 10, 0, 0, '0000-00-00 00:00:00', '0000-00-00 00:00:00', '', '', '', ''),
(566, 75, 11, 0, 0, '0000-00-00 00:00:00', '0000-00-00 00:00:00', '', '', '', ''),
(567, 75, 9, 0, 0, '0000-00-00 00:00:00', '0000-00-00 00:00:00', '', '', '', ''),
(568, 75, 8, 0, 0, '0000-00-00 00:00:00', '0000-00-00 00:00:00', '', '', '', ''),
(569, 11, 7, 0, 0, '0000-00-00 00:00:00', '0000-00-00 00:00:00', '', '', '', ''),
(570, 11, 1, 0, 0, '0000-00-00 00:00:00', '0000-00-00 00:00:00', '', '', '', ''),
(571, 11, 2, 0, 0, '0000-00-00 00:00:00', '0000-00-00 00:00:00', '', '', '', ''),
(572, 11, 3, 0, 0, '0000-00-00 00:00:00', '0000-00-00 00:00:00', '', '', '', ''),
(573, 11, 4, 0, 0, '0000-00-00 00:00:00', '0000-00-00 00:00:00', '', '', '', ''),
(574, 11, 5, 0, 0, '0000-00-00 00:00:00', '0000-00-00 00:00:00', '', '', '', ''),
(575, 11, 6, 0, 0, '0000-00-00 00:00:00', '0000-00-00 00:00:00', '', '', '', ''),
(576, 78, 17, 0, 0, '0000-00-00 00:00:00', '0000-00-00 00:00:00', '', '', '', ''),
(577, 78, 16, 0, 0, '0000-00-00 00:00:00', '0000-00-00 00:00:00', '', '', '', ''),
(578, 78, 15, 0, 0, '0000-00-00 00:00:00', '0000-00-00 00:00:00', '', '', '', ''),
(579, 78, 14, 0, 0, '0000-00-00 00:00:00', '0000-00-00 00:00:00', '', '', '', ''),
(580, 78, 13, 0, 0, '0000-00-00 00:00:00', '0000-00-00 00:00:00', '', '', '', ''),
(581, 78, 12, 0, 0, '0000-00-00 00:00:00', '0000-00-00 00:00:00', '', '', '', ''),
(582, 78, 10, 0, 0, '0000-00-00 00:00:00', '0000-00-00 00:00:00', '', '', '', ''),
(583, 78, 11, 0, 0, '0000-00-00 00:00:00', '0000-00-00 00:00:00', '', '', '', ''),
(584, 78, 9, 0, 0, '0000-00-00 00:00:00', '0000-00-00 00:00:00', '', '', '', ''),
(585, 78, 8, 0, 0, '0000-00-00 00:00:00', '0000-00-00 00:00:00', '', '', '', ''),
(586, 38, 17, 0, 0, '0000-00-00 00:00:00', '0000-00-00 00:00:00', '', '', '', ''),
(587, 38, 16, 0, 0, '0000-00-00 00:00:00', '0000-00-00 00:00:00', '', '', '', ''),
(588, 38, 15, 0, 0, '0000-00-00 00:00:00', '0000-00-00 00:00:00', '', '', '', ''),
(589, 38, 14, 0, 0, '0000-00-00 00:00:00', '0000-00-00 00:00:00', '', '', '', ''),
(590, 38, 13, 0, 0, '0000-00-00 00:00:00', '0000-00-00 00:00:00', '', '', '', ''),
(591, 38, 12, 0, 0, '0000-00-00 00:00:00', '0000-00-00 00:00:00', '', '', '', ''),
(592, 38, 10, 0, 0, '0000-00-00 00:00:00', '0000-00-00 00:00:00', '', '', '', ''),
(593, 38, 11, 0, 0, '0000-00-00 00:00:00', '0000-00-00 00:00:00', '', '', '', ''),
(594, 38, 9, 0, 0, '0000-00-00 00:00:00', '0000-00-00 00:00:00', '', '', '', ''),
(595, 38, 8, 0, 0, '0000-00-00 00:00:00', '0000-00-00 00:00:00', '', '', '', ''),
(596, 38, 7, 0, 0, '0000-00-00 00:00:00', '0000-00-00 00:00:00', '', '', '', ''),
(597, 38, 1, 0, 0, '0000-00-00 00:00:00', '0000-00-00 00:00:00', '', '', '', ''),
(598, 38, 2, 0, 0, '0000-00-00 00:00:00', '0000-00-00 00:00:00', '', '', '', ''),
(599, 38, 3, 0, 0, '0000-00-00 00:00:00', '0000-00-00 00:00:00', '', '', '', ''),
(600, 38, 4, 0, 0, '0000-00-00 00:00:00', '0000-00-00 00:00:00', '', '', '', ''),
(601, 38, 5, 0, 0, '0000-00-00 00:00:00', '0000-00-00 00:00:00', '', '', '', ''),
(602, 38, 6, 0, 0, '0000-00-00 00:00:00', '0000-00-00 00:00:00', '', '', '', ''),
(603, 8, 17, 0, 0, '0000-00-00 00:00:00', '0000-00-00 00:00:00', '', '', '', ''),
(604, 29, 17, 0, 0, '0000-00-00 00:00:00', '0000-00-00 00:00:00', '', '', '', ''),
(605, 68, 17, 0, 0, '0000-00-00 00:00:00', '0000-00-00 00:00:00', '', '', '', ''),
(606, 45, 17, 0, 0, '0000-00-00 00:00:00', '0000-00-00 00:00:00', '', '', '', ''),
(607, 23, 17, 0, 0, '0000-00-00 00:00:00', '0000-00-00 00:00:00', '', '', '', ''),
(608, 42, 17, 0, 0, '0000-00-00 00:00:00', '0000-00-00 00:00:00', '', '', '', ''),
(609, 47, 17, 0, 0, '0000-00-00 00:00:00', '0000-00-00 00:00:00', '', '', '', ''),
(610, 58, 17, 0, 0, '0000-00-00 00:00:00', '0000-00-00 00:00:00', '', '', '', ''),
(611, 58, 16, 0, 0, '0000-00-00 00:00:00', '0000-00-00 00:00:00', '', '', '', ''),
(612, 58, 15, 0, 0, '0000-00-00 00:00:00', '0000-00-00 00:00:00', '', '', '', ''),
(613, 58, 14, 0, 0, '0000-00-00 00:00:00', '0000-00-00 00:00:00', '', '', '', ''),
(614, 58, 13, 0, 0, '0000-00-00 00:00:00', '0000-00-00 00:00:00', '', '', '', ''),
(615, 58, 12, 0, 0, '0000-00-00 00:00:00', '0000-00-00 00:00:00', '', '', '', ''),
(616, 58, 10, 0, 0, '0000-00-00 00:00:00', '0000-00-00 00:00:00', '', '', '', ''),
(617, 58, 11, 0, 0, '0000-00-00 00:00:00', '0000-00-00 00:00:00', '', '', '', ''),
(618, 58, 9, 0, 0, '0000-00-00 00:00:00', '0000-00-00 00:00:00', '', '', '', ''),
(619, 58, 8, 0, 0, '0000-00-00 00:00:00', '0000-00-00 00:00:00', '', '', '', ''),
(620, 74, 16, 0, 0, '0000-00-00 00:00:00', '0000-00-00 00:00:00', '', '', '', '');
INSERT INTO `vistas` (`id_vistas`, `id_usuario`, `id_documento`, `vistas_usadas_hoy`, `total_vistas_usadas`, `fecha_primera_vista`, `fecha_ultima_vista`, `dispositivo`, `ip`, `navegador`, `os`) VALUES
(621, 74, 17, 0, 0, '0000-00-00 00:00:00', '0000-00-00 00:00:00', '', '', '', ''),
(622, 37, 17, 0, 0, '0000-00-00 00:00:00', '0000-00-00 00:00:00', '', '', '', ''),
(623, 18, 17, 0, 0, '0000-00-00 00:00:00', '0000-00-00 00:00:00', '', '', '', ''),
(624, 80, 17, 0, 0, '0000-00-00 00:00:00', '0000-00-00 00:00:00', '', '', '', ''),
(625, 80, 16, 0, 0, '0000-00-00 00:00:00', '0000-00-00 00:00:00', '', '', '', ''),
(626, 80, 15, 0, 0, '0000-00-00 00:00:00', '0000-00-00 00:00:00', '', '', '', ''),
(627, 80, 14, 0, 0, '0000-00-00 00:00:00', '0000-00-00 00:00:00', '', '', '', ''),
(628, 80, 13, 0, 0, '0000-00-00 00:00:00', '0000-00-00 00:00:00', '', '', '', ''),
(629, 80, 12, 0, 0, '0000-00-00 00:00:00', '0000-00-00 00:00:00', '', '', '', ''),
(630, 80, 10, 0, 0, '0000-00-00 00:00:00', '0000-00-00 00:00:00', '', '', '', ''),
(631, 80, 11, 0, 0, '0000-00-00 00:00:00', '0000-00-00 00:00:00', '', '', '', ''),
(632, 80, 9, 0, 0, '0000-00-00 00:00:00', '0000-00-00 00:00:00', '', '', '', ''),
(633, 80, 8, 0, 0, '0000-00-00 00:00:00', '0000-00-00 00:00:00', '', '', '', ''),
(634, 69, 7, 0, 0, '0000-00-00 00:00:00', '0000-00-00 00:00:00', '', '', '', ''),
(635, 69, 1, 0, 0, '0000-00-00 00:00:00', '0000-00-00 00:00:00', '', '', '', ''),
(636, 69, 2, 0, 0, '0000-00-00 00:00:00', '0000-00-00 00:00:00', '', '', '', ''),
(637, 69, 3, 0, 0, '0000-00-00 00:00:00', '0000-00-00 00:00:00', '', '', '', ''),
(638, 69, 4, 0, 0, '0000-00-00 00:00:00', '0000-00-00 00:00:00', '', '', '', ''),
(639, 69, 5, 0, 0, '0000-00-00 00:00:00', '0000-00-00 00:00:00', '', '', '', ''),
(640, 69, 6, 0, 0, '0000-00-00 00:00:00', '0000-00-00 00:00:00', '', '', '', ''),
(641, 4, 17, 0, 0, '0000-00-00 00:00:00', '0000-00-00 00:00:00', '', '', '', ''),
(642, 53, 1, 0, 0, '0000-00-00 00:00:00', '0000-00-00 00:00:00', '', '', '', ''),
(643, 53, 2, 0, 0, '0000-00-00 00:00:00', '0000-00-00 00:00:00', '', '', '', ''),
(644, 53, 3, 0, 0, '0000-00-00 00:00:00', '0000-00-00 00:00:00', '', '', '', ''),
(645, 53, 4, 0, 0, '0000-00-00 00:00:00', '0000-00-00 00:00:00', '', '', '', ''),
(646, 53, 5, 0, 0, '0000-00-00 00:00:00', '0000-00-00 00:00:00', '', '', '', ''),
(647, 53, 6, 0, 0, '0000-00-00 00:00:00', '0000-00-00 00:00:00', '', '', '', ''),
(648, 35, 1, 0, 0, '0000-00-00 00:00:00', '0000-00-00 00:00:00', '', '', '', ''),
(649, 35, 2, 0, 0, '0000-00-00 00:00:00', '0000-00-00 00:00:00', '', '', '', ''),
(650, 35, 3, 0, 0, '0000-00-00 00:00:00', '0000-00-00 00:00:00', '', '', '', ''),
(651, 35, 4, 0, 0, '0000-00-00 00:00:00', '0000-00-00 00:00:00', '', '', '', ''),
(652, 35, 5, 0, 0, '0000-00-00 00:00:00', '0000-00-00 00:00:00', '', '', '', ''),
(653, 35, 6, 0, 0, '0000-00-00 00:00:00', '0000-00-00 00:00:00', '', '', '', ''),
(654, 46, 1, 0, 0, '0000-00-00 00:00:00', '0000-00-00 00:00:00', '', '', '', ''),
(655, 46, 2, 0, 0, '0000-00-00 00:00:00', '0000-00-00 00:00:00', '', '', '', ''),
(656, 46, 3, 0, 0, '0000-00-00 00:00:00', '0000-00-00 00:00:00', '', '', '', ''),
(657, 46, 4, 0, 0, '0000-00-00 00:00:00', '0000-00-00 00:00:00', '', '', '', ''),
(658, 46, 5, 0, 0, '0000-00-00 00:00:00', '0000-00-00 00:00:00', '', '', '', ''),
(659, 46, 6, 0, 0, '0000-00-00 00:00:00', '0000-00-00 00:00:00', '', '', '', ''),
(660, 57, 17, 0, 0, '0000-00-00 00:00:00', '0000-00-00 00:00:00', '', '', '', ''),
(661, 57, 16, 0, 0, '0000-00-00 00:00:00', '0000-00-00 00:00:00', '', '', '', ''),
(662, 57, 15, 0, 0, '0000-00-00 00:00:00', '0000-00-00 00:00:00', '', '', '', ''),
(663, 57, 14, 0, 0, '0000-00-00 00:00:00', '0000-00-00 00:00:00', '', '', '', ''),
(664, 57, 13, 0, 0, '0000-00-00 00:00:00', '0000-00-00 00:00:00', '', '', '', ''),
(665, 57, 12, 0, 0, '0000-00-00 00:00:00', '0000-00-00 00:00:00', '', '', '', ''),
(666, 57, 10, 0, 0, '0000-00-00 00:00:00', '0000-00-00 00:00:00', '', '', '', ''),
(667, 57, 11, 0, 0, '0000-00-00 00:00:00', '0000-00-00 00:00:00', '', '', '', ''),
(668, 57, 9, 0, 0, '0000-00-00 00:00:00', '0000-00-00 00:00:00', '', '', '', ''),
(669, 57, 8, 0, 0, '0000-00-00 00:00:00', '0000-00-00 00:00:00', '', '', '', ''),
(670, 58, 7, 0, 0, '0000-00-00 00:00:00', '0000-00-00 00:00:00', '', '', '', ''),
(671, 58, 1, 0, 0, '0000-00-00 00:00:00', '0000-00-00 00:00:00', '', '', '', ''),
(672, 58, 2, 0, 0, '0000-00-00 00:00:00', '0000-00-00 00:00:00', '', '', '', ''),
(673, 58, 3, 0, 0, '0000-00-00 00:00:00', '0000-00-00 00:00:00', '', '', '', ''),
(674, 58, 4, 0, 0, '0000-00-00 00:00:00', '0000-00-00 00:00:00', '', '', '', ''),
(675, 58, 5, 0, 0, '0000-00-00 00:00:00', '0000-00-00 00:00:00', '', '', '', ''),
(676, 58, 6, 0, 0, '0000-00-00 00:00:00', '0000-00-00 00:00:00', '', '', '', ''),
(677, 71, 16, 0, 0, '0000-00-00 00:00:00', '0000-00-00 00:00:00', '', '', '', ''),
(678, 82, 17, 1, 1, '2023-05-09 00:00:00', '2023-05-09 00:00:00', '', '', '', ''),
(679, 82, 16, 1, 1, '2023-05-09 00:00:00', '2023-05-09 00:00:00', '', '', '', ''),
(680, 82, 15, 1, 1, '2023-05-09 00:00:00', '2023-05-09 00:00:00', '', '', '', ''),
(681, 82, 14, 1, 1, '2023-05-09 00:00:00', '2023-05-09 00:00:00', '', '', '', ''),
(682, 82, 13, 2, 2, '2023-05-09 00:00:00', '2023-05-09 00:00:00', '', '', '', ''),
(683, 82, 12, 1, 1, '2023-05-09 00:00:00', '2023-05-09 00:00:00', '', '', '', ''),
(684, 82, 10, 2, 2, '2023-05-09 00:00:00', '2023-05-09 00:00:00', '', '', '', ''),
(685, 82, 11, 1, 1, '2023-05-09 00:00:00', '2023-05-09 00:00:00', '', '', '', ''),
(686, 82, 9, 1, 1, '2023-05-09 00:00:00', '2023-05-09 00:00:00', '', '', '', ''),
(687, 85, 17, 0, 0, '0000-00-00 00:00:00', '0000-00-00 00:00:00', '', '', '', ''),
(688, 85, 16, 0, 0, '0000-00-00 00:00:00', '0000-00-00 00:00:00', '', '', '', ''),
(689, 85, 15, 0, 0, '0000-00-00 00:00:00', '0000-00-00 00:00:00', '', '', '', ''),
(690, 85, 14, 0, 0, '0000-00-00 00:00:00', '0000-00-00 00:00:00', '', '', '', ''),
(691, 85, 13, 0, 0, '0000-00-00 00:00:00', '0000-00-00 00:00:00', '', '', '', ''),
(692, 85, 12, 0, 0, '0000-00-00 00:00:00', '0000-00-00 00:00:00', '', '', '', ''),
(693, 85, 10, 0, 0, '0000-00-00 00:00:00', '0000-00-00 00:00:00', '', '', '', ''),
(694, 85, 11, 0, 0, '0000-00-00 00:00:00', '0000-00-00 00:00:00', '', '', '', ''),
(695, 85, 9, 0, 0, '0000-00-00 00:00:00', '0000-00-00 00:00:00', '', '', '', ''),
(696, 85, 19, 0, 0, '0000-00-00 00:00:00', '0000-00-00 00:00:00', '', '', '', ''),
(697, 25, 19, 0, 0, '0000-00-00 00:00:00', '0000-00-00 00:00:00', '', '', '', ''),
(698, 39, 19, 0, 0, '0000-00-00 00:00:00', '0000-00-00 00:00:00', '', '', '', ''),
(699, 78, 19, 0, 0, '0000-00-00 00:00:00', '0000-00-00 00:00:00', '', '', '', ''),
(700, 8, 19, 1, 1, '2023-03-23 00:00:00', '2023-03-23 00:00:00', '', '', '', ''),
(701, 75, 19, 0, 0, '0000-00-00 00:00:00', '0000-00-00 00:00:00', '', '', '', ''),
(702, 52, 19, 0, 0, '0000-00-00 00:00:00', '0000-00-00 00:00:00', '', '', '', ''),
(703, 26, 19, 0, 0, '0000-00-00 00:00:00', '0000-00-00 00:00:00', '', '', '', ''),
(704, 76, 19, 1, 1, '2023-03-16 00:00:00', '2023-03-16 00:00:00', '', '', '', ''),
(705, 27, 19, 0, 0, '0000-00-00 00:00:00', '0000-00-00 00:00:00', '', '', '', ''),
(706, 18, 19, 0, 0, '0000-00-00 00:00:00', '0000-00-00 00:00:00', '', '', '', ''),
(707, 21, 19, 0, 0, '0000-00-00 00:00:00', '0000-00-00 00:00:00', '', '', '', ''),
(708, 35, 19, 0, 0, '0000-00-00 00:00:00', '0000-00-00 00:00:00', '', '', '', ''),
(709, 20, 19, 0, 0, '0000-00-00 00:00:00', '0000-00-00 00:00:00', '', '', '', ''),
(710, 54, 19, 0, 0, '0000-00-00 00:00:00', '0000-00-00 00:00:00', '', '', '', ''),
(711, 54, 17, 0, 0, '0000-00-00 00:00:00', '0000-00-00 00:00:00', '', '', '', ''),
(712, 46, 19, 0, 0, '0000-00-00 00:00:00', '0000-00-00 00:00:00', '', '', '', ''),
(713, 13, 19, 0, 0, '0000-00-00 00:00:00', '0000-00-00 00:00:00', '', '', '', ''),
(714, 67, 19, 0, 0, '0000-00-00 00:00:00', '0000-00-00 00:00:00', '', '', '', ''),
(715, 65, 19, 0, 0, '0000-00-00 00:00:00', '0000-00-00 00:00:00', '', '', '', ''),
(716, 65, 17, 0, 0, '0000-00-00 00:00:00', '0000-00-00 00:00:00', '', '', '', ''),
(717, 65, 16, 0, 0, '0000-00-00 00:00:00', '0000-00-00 00:00:00', '', '', '', ''),
(718, 65, 15, 0, 0, '0000-00-00 00:00:00', '0000-00-00 00:00:00', '', '', '', ''),
(719, 65, 14, 0, 0, '0000-00-00 00:00:00', '0000-00-00 00:00:00', '', '', '', ''),
(720, 65, 13, 0, 0, '0000-00-00 00:00:00', '0000-00-00 00:00:00', '', '', '', ''),
(721, 65, 12, 0, 0, '0000-00-00 00:00:00', '0000-00-00 00:00:00', '', '', '', ''),
(722, 65, 10, 0, 0, '0000-00-00 00:00:00', '0000-00-00 00:00:00', '', '', '', ''),
(723, 65, 11, 0, 0, '0000-00-00 00:00:00', '0000-00-00 00:00:00', '', '', '', ''),
(724, 65, 9, 0, 0, '0000-00-00 00:00:00', '0000-00-00 00:00:00', '', '', '', ''),
(725, 66, 19, 0, 0, '0000-00-00 00:00:00', '0000-00-00 00:00:00', '', '', '', ''),
(726, 63, 19, 0, 0, '0000-00-00 00:00:00', '0000-00-00 00:00:00', '', '', '', ''),
(727, 63, 17, 0, 0, '0000-00-00 00:00:00', '0000-00-00 00:00:00', '', '', '', ''),
(728, 63, 16, 0, 0, '0000-00-00 00:00:00', '0000-00-00 00:00:00', '', '', '', ''),
(729, 63, 15, 0, 0, '0000-00-00 00:00:00', '0000-00-00 00:00:00', '', '', '', ''),
(730, 63, 14, 0, 0, '0000-00-00 00:00:00', '0000-00-00 00:00:00', '', '', '', ''),
(731, 63, 13, 0, 0, '0000-00-00 00:00:00', '0000-00-00 00:00:00', '', '', '', ''),
(732, 63, 12, 0, 0, '0000-00-00 00:00:00', '0000-00-00 00:00:00', '', '', '', ''),
(733, 63, 10, 0, 0, '0000-00-00 00:00:00', '0000-00-00 00:00:00', '', '', '', ''),
(734, 63, 11, 0, 0, '0000-00-00 00:00:00', '0000-00-00 00:00:00', '', '', '', ''),
(735, 63, 9, 0, 0, '0000-00-00 00:00:00', '0000-00-00 00:00:00', '', '', '', ''),
(736, 84, 19, 0, 0, '0000-00-00 00:00:00', '0000-00-00 00:00:00', '', '', '', ''),
(737, 84, 17, 0, 0, '0000-00-00 00:00:00', '0000-00-00 00:00:00', '', '', '', ''),
(738, 84, 16, 0, 0, '0000-00-00 00:00:00', '0000-00-00 00:00:00', '', '', '', ''),
(739, 84, 15, 0, 0, '0000-00-00 00:00:00', '0000-00-00 00:00:00', '', '', '', ''),
(740, 84, 14, 0, 0, '0000-00-00 00:00:00', '0000-00-00 00:00:00', '', '', '', ''),
(741, 84, 13, 0, 0, '0000-00-00 00:00:00', '0000-00-00 00:00:00', '', '', '', ''),
(742, 84, 12, 0, 0, '0000-00-00 00:00:00', '0000-00-00 00:00:00', '', '', '', ''),
(743, 84, 10, 0, 0, '0000-00-00 00:00:00', '0000-00-00 00:00:00', '', '', '', ''),
(744, 84, 11, 0, 0, '0000-00-00 00:00:00', '0000-00-00 00:00:00', '', '', '', ''),
(745, 84, 9, 0, 0, '0000-00-00 00:00:00', '0000-00-00 00:00:00', '', '', '', ''),
(746, 37, 19, 0, 0, '0000-00-00 00:00:00', '0000-00-00 00:00:00', '', '', '', ''),
(747, 60, 19, 0, 0, '0000-00-00 00:00:00', '0000-00-00 00:00:00', '', '', '', ''),
(748, 60, 17, 0, 0, '0000-00-00 00:00:00', '0000-00-00 00:00:00', '', '', '', ''),
(749, 60, 16, 1, 1, '2023-05-04 00:00:00', '2023-05-04 00:00:00', '', '', '', ''),
(750, 60, 15, 1, 3, '2023-05-05 00:00:00', '2023-05-05 00:00:00', '', '', '', ''),
(751, 60, 14, 0, 0, '0000-00-00 00:00:00', '0000-00-00 00:00:00', '', '', '', ''),
(752, 60, 13, 0, 0, '0000-00-00 00:00:00', '0000-00-00 00:00:00', '', '', '', ''),
(753, 60, 12, 0, 0, '0000-00-00 00:00:00', '0000-00-00 00:00:00', '', '', '', ''),
(754, 60, 10, 1, 1, '2023-04-14 00:00:00', '2023-04-14 00:00:00', '', '', '', ''),
(755, 60, 11, 0, 0, '0000-00-00 00:00:00', '0000-00-00 00:00:00', '', '', '', ''),
(756, 60, 9, 1, 1, '2023-04-14 00:00:00', '2023-04-14 00:00:00', '', '', '', ''),
(757, 15, 19, 0, 0, '0000-00-00 00:00:00', '0000-00-00 00:00:00', '', '', '', ''),
(758, 73, 19, 0, 0, '0000-00-00 00:00:00', '0000-00-00 00:00:00', '', '', '', ''),
(759, 58, 21, 0, 0, '0000-00-00 00:00:00', '0000-00-00 00:00:00', '', '', '', ''),
(760, 58, 19, 0, 0, '0000-00-00 00:00:00', '0000-00-00 00:00:00', '', '', '', ''),
(761, 18, 23, 0, 0, '0000-00-00 00:00:00', '0000-00-00 00:00:00', '', '', '', ''),
(762, 56, 23, 0, 0, '0000-00-00 00:00:00', '0000-00-00 00:00:00', '', '', '', ''),
(763, 56, 22, 0, 0, '0000-00-00 00:00:00', '0000-00-00 00:00:00', '', '', '', ''),
(764, 56, 21, 0, 0, '0000-00-00 00:00:00', '0000-00-00 00:00:00', '', '', '', ''),
(765, 56, 19, 0, 0, '0000-00-00 00:00:00', '0000-00-00 00:00:00', '', '', '', ''),
(766, 56, 17, 0, 0, '0000-00-00 00:00:00', '0000-00-00 00:00:00', '', '', '', ''),
(767, 5, 23, 0, 0, '0000-00-00 00:00:00', '0000-00-00 00:00:00', '', '', '', ''),
(768, 5, 22, 0, 0, '0000-00-00 00:00:00', '0000-00-00 00:00:00', '', '', '', ''),
(769, 5, 21, 0, 0, '0000-00-00 00:00:00', '0000-00-00 00:00:00', '', '', '', ''),
(770, 5, 19, 0, 0, '0000-00-00 00:00:00', '0000-00-00 00:00:00', '', '', '', ''),
(771, 5, 6, 0, 0, '0000-00-00 00:00:00', '0000-00-00 00:00:00', '', '', '', ''),
(772, 39, 23, 0, 0, '0000-00-00 00:00:00', '0000-00-00 00:00:00', '', '', '', ''),
(773, 39, 22, 0, 0, '0000-00-00 00:00:00', '0000-00-00 00:00:00', '', '', '', ''),
(774, 39, 21, 0, 0, '0000-00-00 00:00:00', '0000-00-00 00:00:00', '', '', '', ''),
(775, 39, 17, 0, 0, '0000-00-00 00:00:00', '0000-00-00 00:00:00', '', '', '', ''),
(776, 28, 23, 0, 0, '0000-00-00 00:00:00', '0000-00-00 00:00:00', '', '', '', ''),
(777, 28, 22, 0, 0, '0000-00-00 00:00:00', '0000-00-00 00:00:00', '', '', '', ''),
(778, 28, 21, 0, 0, '0000-00-00 00:00:00', '0000-00-00 00:00:00', '', '', '', ''),
(779, 28, 19, 0, 0, '0000-00-00 00:00:00', '0000-00-00 00:00:00', '', '', '', ''),
(780, 72, 23, 0, 0, '0000-00-00 00:00:00', '0000-00-00 00:00:00', '', '', '', ''),
(781, 72, 22, 0, 0, '0000-00-00 00:00:00', '0000-00-00 00:00:00', '', '', '', ''),
(782, 72, 21, 0, 0, '0000-00-00 00:00:00', '0000-00-00 00:00:00', '', '', '', ''),
(783, 72, 19, 2, 2, '2023-03-23 00:00:00', '2023-03-23 00:00:00', '', '', '', ''),
(784, 72, 17, 0, 0, '0000-00-00 00:00:00', '0000-00-00 00:00:00', '', '', '', ''),
(785, 72, 16, 0, 0, '0000-00-00 00:00:00', '0000-00-00 00:00:00', '', '', '', ''),
(786, 72, 15, 0, 0, '0000-00-00 00:00:00', '0000-00-00 00:00:00', '', '', '', ''),
(787, 72, 14, 0, 0, '0000-00-00 00:00:00', '0000-00-00 00:00:00', '', '', '', ''),
(788, 72, 13, 0, 0, '0000-00-00 00:00:00', '0000-00-00 00:00:00', '', '', '', ''),
(789, 72, 12, 0, 0, '0000-00-00 00:00:00', '0000-00-00 00:00:00', '', '', '', ''),
(790, 90, 23, 0, 0, '0000-00-00 00:00:00', '0000-00-00 00:00:00', '', '', '', ''),
(791, 90, 22, 0, 0, '0000-00-00 00:00:00', '0000-00-00 00:00:00', '', '', '', ''),
(792, 90, 21, 0, 0, '0000-00-00 00:00:00', '0000-00-00 00:00:00', '', '', '', ''),
(793, 90, 19, 0, 0, '0000-00-00 00:00:00', '0000-00-00 00:00:00', '', '', '', ''),
(794, 90, 17, 0, 0, '0000-00-00 00:00:00', '0000-00-00 00:00:00', '', '', '', ''),
(795, 90, 16, 0, 0, '0000-00-00 00:00:00', '0000-00-00 00:00:00', '', '', '', ''),
(796, 90, 15, 0, 0, '0000-00-00 00:00:00', '0000-00-00 00:00:00', '', '', '', ''),
(797, 90, 14, 0, 0, '0000-00-00 00:00:00', '0000-00-00 00:00:00', '', '', '', ''),
(798, 90, 13, 0, 0, '0000-00-00 00:00:00', '0000-00-00 00:00:00', '', '', '', ''),
(799, 90, 12, 0, 0, '0000-00-00 00:00:00', '0000-00-00 00:00:00', '', '', '', ''),
(800, 46, 23, 0, 0, '0000-00-00 00:00:00', '0000-00-00 00:00:00', '', '', '', ''),
(801, 46, 22, 0, 0, '0000-00-00 00:00:00', '0000-00-00 00:00:00', '', '', '', ''),
(802, 46, 21, 0, 0, '0000-00-00 00:00:00', '0000-00-00 00:00:00', '', '', '', ''),
(803, 8, 23, 1, 1, '2023-03-30 00:00:00', '2023-03-30 00:00:00', '', '', '', ''),
(804, 8, 22, 2, 2, '2023-03-30 00:00:00', '2023-03-30 00:00:00', '', '', '', ''),
(805, 8, 21, 1, 1, '2023-03-30 00:00:00', '2023-03-30 00:00:00', '', '', '', ''),
(806, 10, 23, 0, 0, '0000-00-00 00:00:00', '0000-00-00 00:00:00', '', '', '', ''),
(807, 10, 22, 0, 0, '0000-00-00 00:00:00', '0000-00-00 00:00:00', '', '', '', ''),
(808, 10, 21, 0, 0, '0000-00-00 00:00:00', '0000-00-00 00:00:00', '', '', '', ''),
(809, 10, 19, 0, 0, '0000-00-00 00:00:00', '0000-00-00 00:00:00', '', '', '', ''),
(810, 84, 23, 0, 0, '0000-00-00 00:00:00', '0000-00-00 00:00:00', '', '', '', ''),
(811, 84, 22, 0, 0, '0000-00-00 00:00:00', '0000-00-00 00:00:00', '', '', '', ''),
(812, 84, 21, 0, 0, '0000-00-00 00:00:00', '0000-00-00 00:00:00', '', '', '', ''),
(813, 60, 23, 0, 0, '0000-00-00 00:00:00', '0000-00-00 00:00:00', '', '', '', ''),
(814, 60, 22, 0, 0, '0000-00-00 00:00:00', '0000-00-00 00:00:00', '', '', '', ''),
(815, 60, 21, 0, 0, '0000-00-00 00:00:00', '0000-00-00 00:00:00', '', '', '', ''),
(816, 60, 8, 1, 2, '2023-05-04 00:00:00', '2023-05-04 00:00:00', '', '', '', ''),
(817, 60, 7, 1, 1, '2023-04-14 00:00:00', '2023-04-14 00:00:00', '', '', '', ''),
(818, 60, 1, 1, 1, '2023-04-14 00:00:00', '2023-04-14 00:00:00', '', '', '', ''),
(819, 60, 2, 0, 0, '0000-00-00 00:00:00', '0000-00-00 00:00:00', '', '', '', ''),
(820, 60, 3, 0, 0, '0000-00-00 00:00:00', '0000-00-00 00:00:00', '', '', '', ''),
(821, 60, 4, 0, 0, '0000-00-00 00:00:00', '0000-00-00 00:00:00', '', '', '', ''),
(822, 60, 5, 0, 0, '0000-00-00 00:00:00', '0000-00-00 00:00:00', '', '', '', ''),
(823, 78, 23, 0, 0, '0000-00-00 00:00:00', '0000-00-00 00:00:00', '', '', '', ''),
(824, 78, 22, 0, 0, '0000-00-00 00:00:00', '0000-00-00 00:00:00', '', '', '', ''),
(825, 78, 21, 0, 0, '0000-00-00 00:00:00', '0000-00-00 00:00:00', '', '', '', ''),
(826, 21, 24, 0, 0, '0000-00-00 00:00:00', '0000-00-00 00:00:00', '', '', '', ''),
(827, 21, 23, 0, 0, '0000-00-00 00:00:00', '0000-00-00 00:00:00', '', '', '', ''),
(828, 21, 22, 0, 0, '0000-00-00 00:00:00', '0000-00-00 00:00:00', '', '', '', ''),
(829, 21, 21, 0, 0, '0000-00-00 00:00:00', '0000-00-00 00:00:00', '', '', '', ''),
(830, 29, 24, 0, 0, '0000-00-00 00:00:00', '0000-00-00 00:00:00', '', '', '', ''),
(831, 29, 23, 0, 0, '0000-00-00 00:00:00', '0000-00-00 00:00:00', '', '', '', ''),
(832, 29, 22, 0, 0, '0000-00-00 00:00:00', '0000-00-00 00:00:00', '', '', '', ''),
(833, 29, 21, 0, 0, '0000-00-00 00:00:00', '0000-00-00 00:00:00', '', '', '', ''),
(834, 29, 19, 0, 0, '0000-00-00 00:00:00', '0000-00-00 00:00:00', '', '', '', ''),
(835, 85, 24, 0, 0, '0000-00-00 00:00:00', '0000-00-00 00:00:00', '', '', '', ''),
(836, 85, 23, 0, 0, '0000-00-00 00:00:00', '0000-00-00 00:00:00', '', '', '', ''),
(837, 85, 22, 0, 0, '0000-00-00 00:00:00', '0000-00-00 00:00:00', '', '', '', ''),
(838, 85, 21, 0, 0, '0000-00-00 00:00:00', '0000-00-00 00:00:00', '', '', '', ''),
(839, 51, 24, 0, 0, '0000-00-00 00:00:00', '0000-00-00 00:00:00', '', '', '', ''),
(840, 51, 23, 0, 0, '0000-00-00 00:00:00', '0000-00-00 00:00:00', '', '', '', ''),
(841, 51, 22, 0, 0, '0000-00-00 00:00:00', '0000-00-00 00:00:00', '', '', '', ''),
(842, 51, 21, 0, 0, '0000-00-00 00:00:00', '0000-00-00 00:00:00', '', '', '', ''),
(843, 51, 19, 0, 0, '0000-00-00 00:00:00', '0000-00-00 00:00:00', '', '', '', ''),
(844, 51, 17, 0, 0, '0000-00-00 00:00:00', '0000-00-00 00:00:00', '', '', '', ''),
(845, 51, 16, 0, 0, '0000-00-00 00:00:00', '0000-00-00 00:00:00', '', '', '', ''),
(846, 51, 15, 0, 0, '0000-00-00 00:00:00', '0000-00-00 00:00:00', '', '', '', ''),
(847, 51, 14, 0, 0, '0000-00-00 00:00:00', '0000-00-00 00:00:00', '', '', '', ''),
(848, 51, 13, 0, 0, '0000-00-00 00:00:00', '0000-00-00 00:00:00', '', '', '', ''),
(849, 90, 24, 1, 1, '2023-03-16 00:00:00', '2023-03-16 00:00:00', '', '', '', ''),
(851, 35, 254, 1, 4, '2024-03-17 00:00:00', '2024-03-18 00:00:00', '', '', '', ''),
(852, 33, 253, 1, 1, '2024-03-17 00:00:00', '2024-03-17 00:00:00', '', '', '', ''),
(853, 35, 253, 2, 3, '2024-03-17 00:00:00', '2024-03-18 00:00:00', '', '', '', ''),
(854, 3, 254, 1, 1, '2024-03-17 00:00:00', '2024-03-17 00:00:00', '', '', '', ''),
(855, 80, 26, 2, 2, '2024-03-17 00:00:00', '2024-03-17 00:00:00', '', '', '', ''),
(856, 80, 29, 1, 1, '2024-03-17 00:00:00', '2024-03-17 00:00:00', '', '', '', ''),
(857, 80, 27, 1, 1, '2024-03-17 00:00:00', '2024-03-17 00:00:00', '', '', '', ''),
(858, 33, 254, 1, 1, '2024-03-17 00:00:00', '2024-03-17 00:00:00', '', '', '', ''),
(859, 89, 254, 1, 1, '2024-03-17 00:00:00', '2024-03-17 00:00:00', '', '', '', ''),
(860, 22, 254, 1, 1, '2024-03-18 00:00:00', '2024-03-18 00:00:00', '', '', '', ''),
(861, 65, 254, 1, 1, '2024-03-18 00:00:00', '2024-03-18 00:00:00', '', '', '', ''),
(862, 41, 254, 1, 1, '2024-03-18 00:00:00', '2024-03-18 00:00:00', '', '', '', ''),
(863, 28, 254, 1, 1, '2024-03-18 00:00:00', '2024-03-18 00:00:00', '', '', '', ''),
(864, 28, 253, 1, 1, '2024-03-18 00:00:00', '2024-03-18 00:00:00', '', '', '', ''),
(865, 16, 253, 1, 1, '2024-03-18 00:00:00', '2024-03-18 00:00:00', '', '', '', ''),
(866, 16, 254, 2, 2, '2024-03-18 00:00:00', '2024-03-18 00:00:00', '', '', '', ''),
(867, 34, 250, 2, 2, '2024-03-18 00:00:00', '2024-03-18 00:00:00', '', '', '', ''),
(868, 34, 251, 2, 2, '2024-03-18 00:00:00', '2024-03-18 00:00:00', '', '', '', ''),
(869, 40, 254, 1, 1, '2024-03-18 00:00:00', '2024-03-18 00:00:00', '', '', '', ''),
(870, 34, 252, 2, 2, '2024-03-18 00:00:00', '2024-03-18 00:00:00', '', '', '', ''),
(871, 34, 253, 1, 1, '2024-03-18 00:00:00', '2024-03-18 00:00:00', '', '', '', ''),
(872, 34, 254, 1, 1, '2024-03-18 00:00:00', '2024-03-18 00:00:00', '', '', '', ''),
(873, 4, 253, 1, 1, '2024-03-18 00:00:00', '2024-03-18 00:00:00', '', '', '', ''),
(874, 4, 254, 1, 1, '2024-03-18 00:00:00', '2024-03-18 00:00:00', '', '', '', ''),
(875, 66, 254, 1, 1, '2024-03-18 00:00:00', '2024-03-18 00:00:00', '', '', '', ''),
(876, 21, 254, 1, 1, '2024-03-18 00:00:00', '2024-03-18 00:00:00', '', '', '', ''),
(877, 21, 257, 1, 1, '2024-03-18 00:00:00', '2024-03-18 00:00:00', '', '', '', ''),
(878, 54, 257, 1, 1, '2024-03-18 00:00:00', '2024-03-18 00:00:00', '', '', '', ''),
(879, 61, 257, 2, 2, '2024-03-18 00:00:00', '2024-03-18 00:00:00', '', '', '', ''),
(880, 80, 253, 1, 1, '2024-03-18 00:00:00', '2024-03-18 00:00:00', '', '', '', ''),
(881, 52, 257, 1, 1, '2024-03-18 00:00:00', '2024-03-18 00:00:00', '', '', '', ''),
(882, 80, 254, 1, 1, '2024-03-18 00:00:00', '2024-03-18 00:00:00', '', '', '', ''),
(883, 80, 257, 3, 3, '2024-03-18 00:00:00', '2024-03-18 00:00:00', '', '', '', ''),
(884, 10, 257, 1, 1, '2024-03-18 00:00:00', '2024-03-18 00:00:00', '', '', '', ''),
(885, 66, 257, 1, 1, '2024-03-18 00:00:00', '2024-03-18 00:00:00', '', '', '', ''),
(886, 27, 257, 1, 1, '2024-03-18 00:00:00', '2024-03-18 00:00:00', '', '', '', ''),
(887, 81, 257, 1, 1, '2024-03-18 00:00:00', '2024-03-18 00:00:00', '', '', '', ''),
(888, 40, 257, 2, 2, '2024-03-18 00:00:00', '2024-03-18 00:00:00', '', '', '', ''),
(889, 68, 257, 1, 1, '2024-03-18 00:00:00', '2024-03-18 00:00:00', '', '', '', ''),
(890, 80, 252, 1, 1, '2024-03-18 00:00:00', '2024-03-18 00:00:00', '', '', '', ''),
(891, 67, 257, 1, 1, '2024-03-18 00:00:00', '2024-03-18 00:00:00', '', '', '', ''),
(892, 35, 246, 1, 4, '2024-06-09 00:00:00', '2024-06-09 10:45:45', 'Computador', '127.0.0.1', 'Edge 125.0.0.0', 'Windows 10');

-- --------------------------------------------------------

--
-- Estructura de tabla para la tabla `vistas_generales`
--

CREATE TABLE `vistas_generales` (
  `id_vistas_generales` int(10) NOT NULL,
  `vistas_generales` int(10) NOT NULL
) ENGINE=InnoDB DEFAULT CHARSET=utf8mb4 COLLATE=utf8mb4_general_ci;

--
-- Volcado de datos para la tabla `vistas_generales`
--

INSERT INTO `vistas_generales` (`id_vistas_generales`, `vistas_generales`) VALUES
(1, 3);

--
-- Índices para tablas volcadas
--

--
-- Indices de la tabla `config_vistas_usuario`
--
ALTER TABLE `config_vistas_usuario`
  ADD PRIMARY KEY (`id_config_vista`),
  ADD KEY `id_usuario` (`id_usuario`),
  ADD KEY `personalizadas` (`personalizadas`);

--
-- Indices de la tabla `documentos`
--
ALTER TABLE `documentos`
  ADD PRIMARY KEY (`id_documento`);

--
-- Indices de la tabla `estado`
--
ALTER TABLE `estado`
  ADD PRIMARY KEY (`id_estado`);

--
-- Indices de la tabla `fechas`
--
ALTER TABLE `fechas`
  ADD PRIMARY KEY (`id_fechas`),
  ADD KEY `id_usuario` (`id_usuario`);

--
-- Indices de la tabla `permisos`
--
ALTER TABLE `permisos`
  ADD PRIMARY KEY (`id_permisos`),
  ADD KEY `restriccionDeVistas` (`restriccionDeVistas`,`impresion`,`cobro`),
  ADD KEY `impresion` (`impresion`),
  ADD KEY `cobro` (`cobro`),
  ADD KEY `id_usuario` (`id_usuario`);

--
-- Indices de la tabla `roles`
--
ALTER TABLE `roles`
  ADD PRIMARY KEY (`id_rol`);

--
-- Indices de la tabla `usuarios`
--
ALTER TABLE `usuarios`
  ADD PRIMARY KEY (`id_usuario`),
  ADD KEY `estado` (`estadoCuenta`,`rol`),
  ADD KEY `rol` (`rol`);

--
-- Indices de la tabla `vistas`
--
ALTER TABLE `vistas`
  ADD PRIMARY KEY (`id_vistas`),
  ADD KEY `id_usuario` (`id_usuario`,`id_documento`),
  ADD KEY `id_documento` (`id_documento`);

--
-- Indices de la tabla `vistas_generales`
--
ALTER TABLE `vistas_generales`
  ADD PRIMARY KEY (`id_vistas_generales`);

--
-- AUTO_INCREMENT de las tablas volcadas
--

--
-- AUTO_INCREMENT de la tabla `config_vistas_usuario`
--
ALTER TABLE `config_vistas_usuario`
  MODIFY `id_config_vista` int(10) NOT NULL AUTO_INCREMENT, AUTO_INCREMENT=96;

--
-- AUTO_INCREMENT de la tabla `documentos`
--
ALTER TABLE `documentos`
  MODIFY `id_documento` int(11) NOT NULL AUTO_INCREMENT, AUTO_INCREMENT=258;

--
-- AUTO_INCREMENT de la tabla `estado`
--
ALTER TABLE `estado`
  MODIFY `id_estado` int(50) NOT NULL AUTO_INCREMENT, AUTO_INCREMENT=3;

--
-- AUTO_INCREMENT de la tabla `fechas`
--
ALTER TABLE `fechas`
  MODIFY `id_fechas` int(11) NOT NULL AUTO_INCREMENT, AUTO_INCREMENT=96;

--
-- AUTO_INCREMENT de la tabla `permisos`
--
ALTER TABLE `permisos`
  MODIFY `id_permisos` int(11) NOT NULL AUTO_INCREMENT, AUTO_INCREMENT=96;

--
-- AUTO_INCREMENT de la tabla `roles`
--
ALTER TABLE `roles`
  MODIFY `id_rol` int(11) NOT NULL AUTO_INCREMENT, AUTO_INCREMENT=3;

--
-- AUTO_INCREMENT de la tabla `usuarios`
--
ALTER TABLE `usuarios`
  MODIFY `id_usuario` int(11) NOT NULL AUTO_INCREMENT, AUTO_INCREMENT=96;

--
-- AUTO_INCREMENT de la tabla `vistas`
--
ALTER TABLE `vistas`
  MODIFY `id_vistas` int(11) NOT NULL AUTO_INCREMENT, AUTO_INCREMENT=893;

--
-- AUTO_INCREMENT de la tabla `vistas_generales`
--
ALTER TABLE `vistas_generales`
  MODIFY `id_vistas_generales` int(10) NOT NULL AUTO_INCREMENT, AUTO_INCREMENT=2;

--
-- Restricciones para tablas volcadas
--

--
-- Filtros para la tabla `config_vistas_usuario`
--
ALTER TABLE `config_vistas_usuario`
  ADD CONSTRAINT `config_vistas_usuario_ibfk_1` FOREIGN KEY (`id_usuario`) REFERENCES `usuarios` (`id_usuario`) ON DELETE CASCADE ON UPDATE CASCADE,
  ADD CONSTRAINT `config_vistas_usuario_ibfk_2` FOREIGN KEY (`personalizadas`) REFERENCES `estado` (`id_estado`) ON DELETE CASCADE ON UPDATE CASCADE;

--
-- Filtros para la tabla `fechas`
--
ALTER TABLE `fechas`
  ADD CONSTRAINT `fechas_ibfk_1` FOREIGN KEY (`id_usuario`) REFERENCES `usuarios` (`id_usuario`) ON DELETE CASCADE ON UPDATE CASCADE;

--
-- Filtros para la tabla `permisos`
--
ALTER TABLE `permisos`
  ADD CONSTRAINT `permisos_ibfk_1` FOREIGN KEY (`restriccionDeVistas`) REFERENCES `estado` (`id_estado`) ON DELETE CASCADE ON UPDATE CASCADE,
  ADD CONSTRAINT `permisos_ibfk_2` FOREIGN KEY (`impresion`) REFERENCES `estado` (`id_estado`) ON DELETE CASCADE ON UPDATE CASCADE,
  ADD CONSTRAINT `permisos_ibfk_3` FOREIGN KEY (`cobro`) REFERENCES `estado` (`id_estado`) ON DELETE CASCADE ON UPDATE CASCADE,
  ADD CONSTRAINT `permisos_ibfk_4` FOREIGN KEY (`id_usuario`) REFERENCES `usuarios` (`id_usuario`) ON DELETE CASCADE ON UPDATE CASCADE;

--
-- Filtros para la tabla `usuarios`
--
ALTER TABLE `usuarios`
  ADD CONSTRAINT `usuarios_ibfk_1` FOREIGN KEY (`rol`) REFERENCES `roles` (`id_rol`) ON DELETE CASCADE ON UPDATE CASCADE,
  ADD CONSTRAINT `usuarios_ibfk_2` FOREIGN KEY (`estadoCuenta`) REFERENCES `estado` (`id_estado`) ON DELETE CASCADE ON UPDATE CASCADE;

--
-- Filtros para la tabla `vistas`
--
ALTER TABLE `vistas`
  ADD CONSTRAINT `vistas_ibfk_1` FOREIGN KEY (`id_usuario`) REFERENCES `usuarios` (`id_usuario`) ON DELETE CASCADE ON UPDATE CASCADE,
  ADD CONSTRAINT `vistas_ibfk_2` FOREIGN KEY (`id_documento`) REFERENCES `documentos` (`id_documento`) ON DELETE CASCADE ON UPDATE CASCADE;
COMMIT;

/*!40101 SET CHARACTER_SET_CLIENT=@OLD_CHARACTER_SET_CLIENT */;
/*!40101 SET CHARACTER_SET_RESULTS=@OLD_CHARACTER_SET_RESULTS */;
/*!40101 SET COLLATION_CONNECTION=@OLD_COLLATION_CONNECTION */;
